Sample ID,Variable,Value,prov,route,point,pointID,obs,year,visitID,spcd,distance,prev_point,Type,Day,Month,Temperature,Date
2013-6-6-51-1,ambi,1,NB,51,1,NB51-01,LB,2013,1,ambi,d100,n,cryptic,6,6,2,6/6/2013
2013-6-6-51-1,ambi,1,NB,51,1,NB51-01,LB,2013,1,ambi,d100,n,cryptic,6,6,2,6/6/2013
2013-6-6-51-1,sora,1,NB,51,1,NB51-01,LB,2013,1,sora,d100,n,cryptic,6,6,2,6/6/2013
2013-6-6-51-1,sora,1,NB,51,1,NB51-01,LB,2013,1,sora,d100,n,cryptic,6,6,2,6/6/2013
2013-6-6-51-1,nesp,1,NB,51,1,NB51-01,LB,2013,1,nesp,d100,n,cryptic,6,6,2,6/6/2013
2013-6-6-51-1,pbgr,1,NB,51,1,NB51-01,LB,2013,1,pbgr,d100,n,cryptic,6,6,2,6/6/2013
2013-6-6-51-1,ambi,1,NB,51,1,NB51-01,LB,2013,1,ambi,d100,n,cryptic,6,6,2,6/6/2013
2013-6-6-51-1,sora,1,NB,51,1,NB51-01,LB,2013,1,sora,d100,n,cryptic,6,6,2,6/6/2013
2013-6-6-51-1,coye,2,NB,51,1,NB51-01,LB,2013,1,coye,460,,Secondary,6,6,2,6/6/2013
2013-6-6-51-1,rwbl,1,NB,51,1,NB51-01,LB,2013,1,rwbl,461,,Secondary,6,6,2,6/6/2013
2013-6-6-51-1,wodu,1,NB,51,1,NB51-01,LB,2013,1,wodu,462,,Secondary,6,6,2,6/6/2013
2013-6-6-51-1,abdu,17,NB,51,1,NB51-01,LB,2013,1,abdu,463,,Secondary,6,6,2,6/6/2013
2013-6-6-51-10,yewa,1,NB,51,10,NB51-10,LB,2013,1,yewa,406,,Secondary,6,6,24,6/6/2013
2013-6-6-51-10,sosp,2,NB,51,10,NB51-10,LB,2013,1,sosp,407,,Secondary,6,6,24,6/6/2013
2013-6-6-51-10,coye,1,NB,51,10,NB51-10,LB,2013,1,coye,408,,Secondary,6,6,24,6/6/2013
2013-6-6-51-10,bars,2,NB,51,10,NB51-10,LB,2013,1,bars,409,,Secondary,6,6,24,6/6/2013
2013-6-6-51-10,spsa,1,NB,51,10,NB51-10,LB,2013,1,spsa,410,,Secondary,6,6,24,6/6/2013
2013-6-6-51-10,amre,1,NB,51,10,NB51-10,LB,2013,1,amre,411,,Secondary,6,6,24,6/6/2013
2013-6-6-51-10,tres,1,NB,51,10,NB51-10,LB,2013,1,tres,412,,Secondary,6,6,24,6/6/2013
2013-6-6-51-10,amgo,1,NB,51,10,NB51-10,LB,2013,1,amgo,413,,Secondary,6,6,24,6/6/2013
2013-6-6-51-2,ambi,1,NB,51,2,NB51-02,LB,2013,1,ambi,d100,y,cryptic,6,6,2,6/6/2013
2013-6-6-51-2,sora,1,NB,51,2,NB51-02,LB,2013,1,sora,d100,y,cryptic,6,6,2,6/6/2013
2013-6-6-51-2,sora,1,NB,51,2,NB51-02,LB,2013,1,sora,d100,y,cryptic,6,6,2,6/6/2013
2013-6-6-51-2,sora,1,NB,51,2,NB51-02,LB,2013,1,sora,d100,n,cryptic,6,6,2,6/6/2013
2013-6-6-51-2,ambi,1,NB,51,2,NB51-02,LB,2013,1,ambi,d100,n,cryptic,6,6,2,6/6/2013
2013-6-6-51-2,ambi,1,NB,51,2,NB51-02,LB,2013,1,ambi,d100,y,cryptic,6,6,2,6/6/2013
2013-6-6-51-2,sora,1,NB,51,2,NB51-02,LB,2013,1,sora,d100,n,cryptic,6,6,2,6/6/2013
2013-6-6-51-2,nesp,1,NB,51,2,NB51-02,LB,2013,1,nesp,d100,y,cryptic,6,6,2,6/6/2013
2013-6-6-51-2,sora,1,NB,51,2,NB51-02,LB,2013,1,sora,d0,y,cryptic,6,6,2,6/6/2013
2013-6-6-51-2,pbgr,1,NB,51,2,NB51-02,LB,2013,1,pbgr,d100,y,cryptic,6,6,2,6/6/2013
2013-6-6-51-2,sora,1,NB,51,2,NB51-02,LB,2013,1,sora,d100,n,cryptic,6,6,2,6/6/2013
2013-6-6-51-2,sosp,1,NB,51,2,NB51-02,LB,2013,1,sosp,454,,Secondary,6,6,2,6/6/2013
2013-6-6-51-2,mawr,3,NB,51,2,NB51-02,LB,2013,1,mawr,455,,Secondary,6,6,2,6/6/2013
2013-6-6-51-2,rwbl,1,NB,51,2,NB51-02,LB,2013,1,rwbl,456,,Secondary,6,6,2,6/6/2013
2013-6-6-51-2,yewa,2,NB,51,2,NB51-02,LB,2013,1,yewa,457,,Secondary,6,6,2,6/6/2013
2013-6-6-51-2,cogr,1,NB,51,2,NB51-02,LB,2013,1,cogr,458,,Secondary,6,6,2,6/6/2013
2013-6-6-51-2,cang,2,NB,51,2,NB51-02,LB,2013,1,cang,459,,Secondary,6,6,2,6/6/2013
2013-6-6-51-3,ambi,1,NB,51,3,NB51-03,LB,2013,1,ambi,d100,y,cryptic,6,6,5,6/6/2013
2013-6-6-51-3,nesp,1,NB,51,3,NB51-03,LB,2013,1,nesp,d50,n,cryptic,6,6,5,6/6/2013
2013-6-6-51-3,ambi,1,NB,51,3,NB51-03,LB,2013,1,ambi,d100,y,cryptic,6,6,5,6/6/2013
2013-6-6-51-3,pbgr,1,NB,51,3,NB51-03,LB,2013,1,pbgr,d100,n,cryptic,6,6,5,6/6/2013
2013-6-6-51-3,sora,1,NB,51,3,NB51-03,LB,2013,1,sora,d100,y,cryptic,6,6,5,6/6/2013
2013-6-6-51-3,sora,1,NB,51,3,NB51-03,LB,2013,1,sora,d100,n,cryptic,6,6,5,6/6/2013
2013-6-6-51-3,sora,1,NB,51,3,NB51-03,LB,2013,1,sora,d0,n,cryptic,6,6,5,6/6/2013
2013-6-6-51-3,sora,1,NB,51,3,NB51-03,LB,2013,1,sora,d0,n,cryptic,6,6,5,6/6/2013
2013-6-6-51-3,nesp,1,NB,51,3,NB51-03,LB,2013,1,nesp,d0,n,cryptic,6,6,5,6/6/2013
2013-6-6-51-3,vira,1,NB,51,3,NB51-03,LB,2013,1,vira,d50,n,cryptic,6,6,5,6/6/2013
2013-6-6-51-3,sora,1,NB,51,3,NB51-03,LB,2013,1,sora,d50,n,cryptic,6,6,5,6/6/2013
2013-6-6-51-3,sora,1,NB,51,3,NB51-03,LB,2013,1,sora,d100,y,cryptic,6,6,5,6/6/2013
2013-6-6-51-3,abdu,1,NB,51,3,NB51-03,LB,2013,1,abdu,450,,Secondary,6,6,5,6/6/2013
2013-6-6-51-3,mawr,2,NB,51,3,NB51-03,LB,2013,1,mawr,451,,Secondary,6,6,5,6/6/2013
2013-6-6-51-3,rwbl,1,NB,51,3,NB51-03,LB,2013,1,rwbl,452,,Secondary,6,6,5,6/6/2013
2013-6-6-51-3,coye,1,NB,51,3,NB51-03,LB,2013,1,coye,453,,Secondary,6,6,5,6/6/2013
2013-6-6-51-4,ambi,1,NB,51,4,NB51-04,LB,2013,1,ambi,d100,y,cryptic,6,6,8,6/6/2013
2013-6-6-51-4,vira,1,NB,51,4,NB51-04,LB,2013,1,vira,d50,n,cryptic,6,6,8,6/6/2013
2013-6-6-51-4,sora,1,NB,51,4,NB51-04,LB,2013,1,sora,d100,n,cryptic,6,6,8,6/6/2013
2013-6-6-51-4,sora,1,NB,51,4,NB51-04,LB,2013,1,sora,d100,n,cryptic,6,6,8,6/6/2013
2013-6-6-51-4,sora,1,NB,51,4,NB51-04,LB,2013,1,sora,d50,n,cryptic,6,6,8,6/6/2013
2013-6-6-51-4,mawr,5,NB,51,4,NB51-04,LB,2013,1,mawr,444,,Secondary,6,6,8,6/6/2013
2013-6-6-51-4,swsp,2,NB,51,4,NB51-04,LB,2013,1,swsp,445,,Secondary,6,6,8,6/6/2013
2013-6-6-51-4,rwbl,3,NB,51,4,NB51-04,LB,2013,1,rwbl,446,,Secondary,6,6,8,6/6/2013
2013-6-6-51-4,coye,2,NB,51,4,NB51-04,LB,2013,1,coye,447,,Secondary,6,6,8,6/6/2013
2013-6-6-51-4,sosp,1,NB,51,4,NB51-04,LB,2013,1,sosp,448,,Secondary,6,6,8,6/6/2013
2013-6-6-51-4,yewa,1,NB,51,4,NB51-04,LB,2013,1,yewa,449,,Secondary,6,6,8,6/6/2013
2013-6-6-51-5,vira,1,NB,51,5,NB51-05,LB,2013,1,vira,d100,n,cryptic,6,6,10,6/6/2013
2013-6-6-51-5,sora,1,NB,51,5,NB51-05,LB,2013,1,sora,d100,n,cryptic,6,6,10,6/6/2013
2013-6-6-51-5,sora,1,NB,51,5,NB51-05,LB,2013,1,sora,d100,n,cryptic,6,6,10,6/6/2013
2013-6-6-51-5,vira,1,NB,51,5,NB51-05,LB,2013,1,vira,d100,y,cryptic,6,6,10,6/6/2013
2013-6-6-51-5,vira,1,NB,51,5,NB51-05,LB,2013,1,vira,d100,n,cryptic,6,6,10,6/6/2013
2013-6-6-51-5,ambi,1,NB,51,5,NB51-05,LB,2013,1,ambi,d100,y,cryptic,6,6,10,6/6/2013
2013-6-6-51-5,mawr,4,NB,51,5,NB51-05,LB,2013,1,mawr,436,,Secondary,6,6,10,6/6/2013
2013-6-6-51-5,rndu,4,NB,51,5,NB51-05,LB,2013,1,rndu,437,,Secondary,6,6,10,6/6/2013
2013-6-6-51-5,sosp,1,NB,51,5,NB51-05,LB,2013,1,sosp,438,,Secondary,6,6,10,6/6/2013
2013-6-6-51-5,cedw,1,NB,51,5,NB51-05,LB,2013,1,cedw,439,,Secondary,6,6,10,6/6/2013
2013-6-6-51-5,rwbl,1,NB,51,5,NB51-05,LB,2013,1,rwbl,440,,Secondary,6,6,10,6/6/2013
2013-6-6-51-5,nopa,1,NB,51,5,NB51-05,LB,2013,1,nopa,441,,Secondary,6,6,10,6/6/2013
2013-6-6-51-5,cogr,1,NB,51,5,NB51-05,LB,2013,1,cogr,442,,Secondary,6,6,10,6/6/2013
2013-6-6-51-5,yewa,1,NB,51,5,NB51-05,LB,2013,1,yewa,443,,Secondary,6,6,10,6/6/2013
2013-6-6-51-6,nesp,1,NB,51,6,NB51-06,LB,2013,1,nesp,d50,n,cryptic,6,6,12,6/6/2013
2013-6-6-51-6,vira,1,NB,51,6,NB51-06,LB,2013,1,vira,d100,n,cryptic,6,6,12,6/6/2013
2013-6-6-51-6,nesp,1,NB,51,6,NB51-06,LB,2013,1,nesp,d100,n,cryptic,6,6,12,6/6/2013
2013-6-6-51-6,pbgr,1,NB,51,6,NB51-06,LB,2013,1,pbgr,d100,n,cryptic,6,6,12,6/6/2013
2013-6-6-51-6,pbgr,1,NB,51,6,NB51-06,LB,2013,1,pbgr,d100,y,cryptic,6,6,12,6/6/2013
2013-6-6-51-6,sora,1,NB,51,6,NB51-06,LB,2013,1,sora,d100,y,cryptic,6,6,12,6/6/2013
2013-6-6-51-6,swsp,1,NB,51,6,NB51-06,LB,2013,1,swsp,429,,Secondary,6,6,12,6/6/2013
2013-6-6-51-6,sosp,2,NB,51,6,NB51-06,LB,2013,1,sosp,430,,Secondary,6,6,12,6/6/2013
2013-6-6-51-6,wodu,2,NB,51,6,NB51-06,LB,2013,1,wodu,431,,Secondary,6,6,12,6/6/2013
2013-6-6-51-6,rndu,2,NB,51,6,NB51-06,LB,2013,1,rndu,432,,Secondary,6,6,12,6/6/2013
2013-6-6-51-6,coye,1,NB,51,6,NB51-06,LB,2013,1,coye,433,,Secondary,6,6,12,6/6/2013
2013-6-6-51-6,yewa,2,NB,51,6,NB51-06,LB,2013,1,yewa,434,,Secondary,6,6,12,6/6/2013
2013-6-6-51-6,dcco,1,NB,51,6,NB51-06,LB,2013,1,dcco,435,,Secondary,6,6,12,6/6/2013
2013-6-6-51-7,pbgr,1,NB,51,7,NB51-07,LB,2013,1,pbgr,d100,n,cryptic,6,6,18,6/6/2013
2013-6-6-51-7,sora,1,NB,51,7,NB51-07,LB,2013,1,sora,d100,n,cryptic,6,6,18,6/6/2013
2013-6-6-51-7,ambi,1,NB,51,7,NB51-07,LB,2013,1,ambi,d100,n,cryptic,6,6,18,6/6/2013
2013-6-6-51-7,sora,1,NB,51,7,NB51-07,LB,2013,1,sora,d100,n,cryptic,6,6,18,6/6/2013
2013-6-6-51-7,nesp,1,NB,51,7,NB51-07,LB,2013,1,nesp,d100,n,cryptic,6,6,18,6/6/2013
2013-6-6-51-7,sosp,2,NB,51,7,NB51-07,LB,2013,1,sosp,424,,Secondary,6,6,18,6/6/2013
2013-6-6-51-7,yewa,2,NB,51,7,NB51-07,LB,2013,1,yewa,425,,Secondary,6,6,18,6/6/2013
2013-6-6-51-7,wodu,1,NB,51,7,NB51-07,LB,2013,1,wodu,426,,Secondary,6,6,18,6/6/2013
2013-6-6-51-7,rwbl,1,NB,51,7,NB51-07,LB,2013,1,rwbl,427,,Secondary,6,6,18,6/6/2013
2013-6-6-51-7,amcr,1,NB,51,7,NB51-07,LB,2013,1,amcr,428,,Secondary,6,6,18,6/6/2013
2013-6-6-51-8,goot,1,NB,51,8,NB51-08,LB,2013,1,goot,d50,n,cryptic,6,6,18,6/6/2013
2013-6-6-51-8,goot,1,NB,51,8,NB51-08,LB,2013,1,goot,d50,n,cryptic,6,6,18,6/6/2013
2013-6-6-51-8,pbgr,1,NB,51,8,NB51-08,LB,2013,1,pbgr,d50,n,cryptic,6,6,18,6/6/2013
2013-6-6-51-8,sora,1,NB,51,8,NB51-08,LB,2013,1,sora,d50,n,cryptic,6,6,18,6/6/2013
2013-6-6-51-8,nesp,1,NB,51,8,NB51-08,LB,2013,1,nesp,d50,n,cryptic,6,6,18,6/6/2013
2013-6-6-51-8,yewa,1,NB,51,8,NB51-08,LB,2013,1,yewa,420,,Secondary,6,6,18,6/6/2013
2013-6-6-51-8,rwbl,2,NB,51,8,NB51-08,LB,2013,1,rwbl,421,,Secondary,6,6,18,6/6/2013
2013-6-6-51-8,sosp,2,NB,51,8,NB51-08,LB,2013,1,sosp,422,,Secondary,6,6,18,6/6/2013
2013-6-6-51-8,bwte,1,NB,51,8,NB51-08,LB,2013,1,bwte,423,,Secondary,6,6,18,6/6/2013
2013-6-6-51-9,nesp,1,NB,51,9,NB51-09,LB,2013,1,nesp,d50,n,cryptic,6,6,24,6/6/2013
2013-6-6-51-9,nesp,1,NB,51,9,NB51-09,LB,2013,1,nesp,d0,n,cryptic,6,6,24,6/6/2013
2013-6-6-51-9,nesp,1,NB,51,9,NB51-09,LB,2013,1,nesp,d0,n,cryptic,6,6,24,6/6/2013
2013-6-6-51-9,nesp,1,NB,51,9,NB51-09,LB,2013,1,nesp,d0,n,cryptic,6,6,24,6/6/2013
2013-6-6-51-9,yewa,1,NB,51,9,NB51-09,LB,2013,1,yewa,414,,Secondary,6,6,24,6/6/2013
2013-6-6-51-9,sosp,1,NB,51,9,NB51-09,LB,2013,1,sosp,415,,Secondary,6,6,24,6/6/2013
2013-6-6-51-9,alfl,1,NB,51,9,NB51-09,LB,2013,1,alfl,416,,Secondary,6,6,24,6/6/2013
2013-6-6-51-9,swsp,1,NB,51,9,NB51-09,LB,2013,1,swsp,417,,Secondary,6,6,24,6/6/2013
2013-6-6-51-9,amgo,1,NB,51,9,NB51-09,LB,2013,1,amgo,418,,Secondary,6,6,24,6/6/2013
2013-6-6-51-9,cogr,1,NB,51,9,NB51-09,LB,2013,1,cogr,419,,Secondary,6,6,24,6/6/2013
2013-6-7-52-2,nesp,1,NB,52,2,NB52-02,LB,2013,1,nesp,d50,n,cryptic,7,6,10,7/6/2013
2013-6-7-52-2,nesp,1,NB,52,2,NB52-02,LB,2013,1,nesp,d50,n,cryptic,7,6,10,7/6/2013
2013-6-7-52-2,coni,1,NB,52,2,NB52-02,LB,2013,1,coni,508,,Secondary,7,6,10,7/6/2013
2013-6-7-52-2,cang,11,NB,52,2,NB52-02,LB,2013,1,cang,509,,Secondary,7,6,10,7/6/2013
2013-6-7-52-3,herg,2,NB,52,3,NB52-03,LB,2013,1,herg,507,,Secondary,7,6,12,7/6/2013
2013-7-3-51-1,mawr,2,NB,51,1,NB51-01,LB,2013,2,mawr,470,,Secondary,3,7,15,3/7/2013
2013-7-3-51-1,swsp,1,NB,51,1,NB51-01,LB,2013,2,swsp,471,,Secondary,3,7,15,3/7/2013
2013-7-3-51-1,coye,3,NB,51,1,NB51-01,LB,2013,2,coye,472,,Secondary,3,7,15,3/7/2013
2013-7-3-51-2,sora,1,NB,51,2,NB51-02,LB,2013,2,sora,d50,n,cryptic,3,7,15,3/7/2013
2013-7-3-51-2,pbgr,1,NB,51,2,NB51-02,LB,2013,2,pbgr,d100,n,cryptic,3,7,15,3/7/2013
2013-7-3-51-2,sora,1,NB,51,2,NB51-02,LB,2013,2,sora,d50,n,cryptic,3,7,15,3/7/2013
2013-7-3-51-2,sosp,1,NB,51,2,NB51-02,LB,2013,2,sosp,464,,Secondary,3,7,15,3/7/2013
2013-7-3-51-2,coye,1,NB,51,2,NB51-02,LB,2013,2,coye,465,,Secondary,3,7,15,3/7/2013
2013-7-3-51-2,mawr,4,NB,51,2,NB51-02,LB,2013,2,mawr,466,,Secondary,3,7,15,3/7/2013
2013-7-3-51-2,yewa,2,NB,51,2,NB51-02,LB,2013,2,yewa,467,,Secondary,3,7,15,3/7/2013
2013-7-3-51-2,rwbl,1,NB,51,2,NB51-02,LB,2013,2,rwbl,468,,Secondary,3,7,15,3/7/2013
2013-7-3-51-2,swsp,1,NB,51,2,NB51-02,LB,2013,2,swsp,469,,Secondary,3,7,15,3/7/2013
2013-7-3-51-3,sora,1,NB,51,3,NB51-03,LB,2013,2,sora,d100,n,cryptic,3,7,15,3/7/2013
2013-7-3-51-3,vira,1,NB,51,3,NB51-03,LB,2013,2,vira,d100,n,cryptic,3,7,15,3/7/2013
2013-7-3-51-3,sora,1,NB,51,3,NB51-03,LB,2013,2,sora,d50,n,cryptic,3,7,15,3/7/2013
2013-7-3-51-3,sora,1,NB,51,3,NB51-03,LB,2013,2,sora,d100,n,cryptic,3,7,15,3/7/2013
2013-7-3-51-3,sora,1,NB,51,3,NB51-03,LB,2013,2,sora,d0,n,cryptic,3,7,15,3/7/2013
2013-7-3-51-3,vira,1,NB,51,3,NB51-03,LB,2013,2,vira,d0,n,cryptic,3,7,15,3/7/2013
2013-7-3-51-3,coye,1,NB,51,3,NB51-03,LB,2013,2,coye,473,,Secondary,3,7,15,3/7/2013
2013-7-3-51-3,mawr,4,NB,51,3,NB51-03,LB,2013,2,mawr,474,,Secondary,3,7,15,3/7/2013
2013-7-3-51-3,sosp,1,NB,51,3,NB51-03,LB,2013,2,sosp,475,,Secondary,3,7,15,3/7/2013
2013-7-3-51-3,rwbl,2,NB,51,3,NB51-03,LB,2013,2,rwbl,476,,Secondary,3,7,15,3/7/2013
2013-7-3-51-3,swsp,1,NB,51,3,NB51-03,LB,2013,2,swsp,477,,Secondary,3,7,15,3/7/2013
2013-7-3-51-3,yewa,1,NB,51,3,NB51-03,LB,2013,2,yewa,478,,Secondary,3,7,15,3/7/2013
2013-7-3-51-4,sora,1,NB,51,4,NB51-04,LB,2013,2,sora,d100,n,cryptic,3,7,15,3/7/2013
2013-7-3-51-4,vira,1,NB,51,4,NB51-04,LB,2013,2,vira,d0,n,cryptic,3,7,15,3/7/2013
2013-7-3-51-4,mawr,4,NB,51,4,NB51-04,LB,2013,2,mawr,479,,Secondary,3,7,15,3/7/2013
2013-7-3-51-4,coye,1,NB,51,4,NB51-04,LB,2013,2,coye,480,,Secondary,3,7,15,3/7/2013
2013-7-3-51-4,sosp,2,NB,51,4,NB51-04,LB,2013,2,sosp,481,,Secondary,3,7,15,3/7/2013
2013-7-3-51-4,yewa,1,NB,51,4,NB51-04,LB,2013,2,yewa,482,,Secondary,3,7,15,3/7/2013
2013-7-3-51-4,cogr,45,NB,51,4,NB51-04,LB,2013,2,cogr,483,,Secondary,3,7,15,3/7/2013
2013-7-3-51-4,rwbl,1,NB,51,4,NB51-04,LB,2013,2,rwbl,484,,Secondary,3,7,15,3/7/2013
2013-7-3-51-5,sora,1,NB,51,5,NB51-05,LB,2013,2,sora,d100,n,cryptic,3,7,15,3/7/2013
2013-7-3-51-5,mawr,4,NB,51,5,NB51-05,LB,2013,2,mawr,485,,Secondary,3,7,15,3/7/2013
2013-7-3-51-5,rwbl,1,NB,51,5,NB51-05,LB,2013,2,rwbl,486,,Secondary,3,7,15,3/7/2013
2013-7-3-51-5,abdu,1,NB,51,5,NB51-05,LB,2013,2,abdu,487,,Secondary,3,7,15,3/7/2013
2013-7-3-51-6,sora,1,NB,51,6,NB51-06,LB,2013,2,sora,d100,n,cryptic,3,7,15,3/7/2013
2013-7-3-51-6,sora,1,NB,51,6,NB51-06,LB,2013,2,sora,d0,n,cryptic,3,7,15,3/7/2013
2013-7-3-51-6,nesp,1,NB,51,6,NB51-06,LB,2013,2,nesp,d0,n,cryptic,3,7,15,3/7/2013
2013-7-3-51-6,pbgr,1,NB,51,6,NB51-06,LB,2013,2,pbgr,d100,n,cryptic,3,7,15,3/7/2013
2013-7-3-51-6,sora,1,NB,51,6,NB51-06,LB,2013,2,sora,d50,n,cryptic,3,7,15,3/7/2013
2013-7-3-51-6,rwbl,3,NB,51,6,NB51-06,LB,2013,2,rwbl,488,,Secondary,3,7,15,3/7/2013
2013-7-3-51-6,sosp,2,NB,51,6,NB51-06,LB,2013,2,sosp,489,,Secondary,3,7,15,3/7/2013
2013-7-3-51-6,yewa,2,NB,51,6,NB51-06,LB,2013,2,yewa,490,,Secondary,3,7,15,3/7/2013
2013-7-3-51-7,nesp,1,NB,51,7,NB51-07,LB,2013,2,nesp,d50,n,cryptic,3,7,16,3/7/2013
2013-7-3-51-7,nesp,1,NB,51,7,NB51-07,LB,2013,2,nesp,d50,n,cryptic,3,7,16,3/7/2013
2013-7-3-51-7,nesp,1,NB,51,7,NB51-07,LB,2013,2,nesp,d100,n,cryptic,3,7,16,3/7/2013
2013-7-3-51-7,pbgr,1,NB,51,7,NB51-07,LB,2013,2,pbgr,d100,n,cryptic,3,7,16,3/7/2013
2013-7-3-51-7,sosp,3,NB,51,7,NB51-07,LB,2013,2,sosp,499,,Secondary,3,7,16,3/7/2013
2013-7-3-51-7,cedw,1,NB,51,7,NB51-07,LB,2013,2,cedw,500,,Secondary,3,7,16,3/7/2013
2013-7-3-51-7,tres,1,NB,51,7,NB51-07,LB,2013,2,tres,501,,Secondary,3,7,16,3/7/2013
2013-7-3-51-7,beki,1,NB,51,7,NB51-07,LB,2013,2,beki,502,,Secondary,3,7,16,3/7/2013
2013-7-3-51-7,amgo,1,NB,51,7,NB51-07,LB,2013,2,amgo,503,,Secondary,3,7,16,3/7/2013
2013-7-3-51-7,yewa,1,NB,51,7,NB51-07,LB,2013,2,yewa,504,,Secondary,3,7,16,3/7/2013
2013-7-3-51-7,bars,1,NB,51,7,NB51-07,LB,2013,2,bars,505,,Secondary,3,7,16,3/7/2013
2013-7-3-51-7,coye,1,NB,51,7,NB51-07,LB,2013,2,coye,506,,Secondary,3,7,16,3/7/2013
2013-7-3-51-8,pbgr,1,NB,51,8,NB51-08,LB,2013,2,pbgr,d100,n,cryptic,3,7,17,3/7/2013
2013-7-3-51-8,sora,1,NB,51,8,NB51-08,LB,2013,2,sora,d100,n,cryptic,3,7,17,3/7/2013
2013-7-3-51-8,sosp,1,NB,51,8,NB51-08,LB,2013,2,sosp,495,,Secondary,3,7,17,3/7/2013
2013-7-3-51-8,rwbl,2,NB,51,8,NB51-08,LB,2013,2,rwbl,496,,Secondary,3,7,17,3/7/2013
2013-7-3-51-8,bobo,1,NB,51,8,NB51-08,LB,2013,2,bobo,497,,Secondary,3,7,17,3/7/2013
2013-7-3-51-8,mawr,1,NB,51,8,NB51-08,LB,2013,2,mawr,498,,Secondary,3,7,17,3/7/2013
2013-7-3-51-9,nesp,1,NB,51,9,NB51-09,LB,2013,2,nesp,d50,n,cryptic,3,7,17,3/7/2013
2013-7-3-51-9,nesp,1,NB,51,9,NB51-09,LB,2013,2,nesp,d100,n,cryptic,3,7,17,3/7/2013
2013-7-3-51-9,nesp,1,NB,51,9,NB51-09,LB,2013,2,nesp,d0,n,cryptic,3,7,17,3/7/2013
2013-7-3-51-9,sosp,1,NB,51,9,NB51-09,LB,2013,2,sosp,491,,Secondary,3,7,17,3/7/2013
2013-7-3-51-9,swsp,1,NB,51,9,NB51-09,LB,2013,2,swsp,492,,Secondary,3,7,17,3/7/2013
2013-7-3-51-9,bobo,1,NB,51,9,NB51-09,LB,2013,2,bobo,493,,Secondary,3,7,17,3/7/2013
2013-7-3-51-9,yewa,1,NB,51,9,NB51-09,LB,2013,2,yewa,494,,Secondary,3,7,17,3/7/2013
2014-5-28-51-1,sora,1,NB,51,1,NB51-01,JG,2014,1,sora,d0,n,cryptic,28,5,5,28/5/2014
2014-5-28-51-1,sora,1,NB,51,1,NB51-01,JG,2014,1,sora,d0,n,cryptic,28,5,5,28/5/2014
2014-5-28-51-1,rwbl,5,NB,51,1,NB51-01,JG,2014,1,rwbl,510,,Secondary,28,5,5,28/5/2014
2014-5-28-51-1,bhvi,1,NB,51,1,NB51-01,JG,2014,1,bhvi,511,,Secondary,28,5,5,28/5/2014
2014-5-28-51-1,swsp,2,NB,51,1,NB51-01,JG,2014,1,swsp,512,,Secondary,28,5,5,28/5/2014
2014-5-28-51-1,coye,1,NB,51,1,NB51-01,JG,2014,1,coye,513,,Secondary,28,5,5,28/5/2014
2014-5-28-51-1,sosp,1,NB,51,1,NB51-01,JG,2014,1,sosp,514,,Secondary,28,5,5,28/5/2014
2014-5-28-51-1,cang,2,NB,51,1,NB51-01,JG,2014,1,cang,515,,Secondary,28,5,5,28/5/2014
2014-5-28-51-1,rndu,2,NB,51,1,NB51-01,JG,2014,1,rndu,516,,Secondary,28,5,5,28/5/2014
2014-5-28-51-1,amcr,1,NB,51,1,NB51-01,JG,2014,1,amcr,517,,Secondary,28,5,5,28/5/2014
2014-5-28-51-2,sora,1,NB,51,2,NB51-02,JG,2014,1,sora,d0,n,cryptic,28,5,5,28/5/2014
2014-5-28-51-2,rwbl,7,NB,51,2,NB51-02,JG,2014,1,rwbl,524,,Secondary,28,5,5,28/5/2014
2014-5-28-51-2,sosp,1,NB,51,2,NB51-02,JG,2014,1,sosp,525,,Secondary,28,5,5,28/5/2014
2014-5-28-51-2,swsp,2,NB,51,2,NB51-02,JG,2014,1,swsp,526,,Secondary,28,5,5,28/5/2014
2014-5-28-51-2,yewa,2,NB,51,2,NB51-02,JG,2014,1,yewa,527,,Secondary,28,5,5,28/5/2014
2014-5-28-51-2,cang,4,NB,51,2,NB51-02,JG,2014,1,cang,528,,Secondary,28,5,5,28/5/2014
2014-5-28-51-2,amcr,1,NB,51,2,NB51-02,JG,2014,1,amcr,529,,Secondary,28,5,5,28/5/2014
2014-5-28-51-2,amwo,1,NB,51,2,NB51-02,JG,2014,1,amwo,530,,Secondary,28,5,5,28/5/2014
2014-5-28-51-3,sora,1,NB,51,3,NB51-03,JG,2014,1,sora,d0,n,cryptic,28,5,5,28/5/2014
2014-5-28-51-3,sora,1,NB,51,3,NB51-03,JG,2014,1,sora,d50,n,cryptic,28,5,5,28/5/2014
2014-5-28-51-3,mawr,3,NB,51,3,NB51-03,JG,2014,1,mawr,518,,Secondary,28,5,5,28/5/2014
2014-5-28-51-3,rwbl,4,NB,51,3,NB51-03,JG,2014,1,rwbl,519,,Secondary,28,5,5,28/5/2014
2014-5-28-51-3,coye,1,NB,51,3,NB51-03,JG,2014,1,coye,520,,Secondary,28,5,5,28/5/2014
2014-5-28-51-3,swsp,2,NB,51,3,NB51-03,JG,2014,1,swsp,521,,Secondary,28,5,5,28/5/2014
2014-5-28-51-3,sosp,1,NB,51,3,NB51-03,JG,2014,1,sosp,522,,Secondary,28,5,5,28/5/2014
2014-5-28-51-3,bobo,1,NB,51,3,NB51-03,JG,2014,1,bobo,523,,Secondary,28,5,5,28/5/2014
2014-5-28-51-4,sora,1,NB,51,4,NB51-04,JG,2014,1,sora,d0,n,cryptic,28,5,6,28/5/2014
2014-5-28-51-4,sora,1,NB,51,4,NB51-04,JG,2014,1,sora,d0,n,cryptic,28,5,6,28/5/2014
2014-5-28-51-4,ambi,1,NB,51,4,NB51-04,JG,2014,1,ambi,d50,n,cryptic,28,5,6,28/5/2014
2014-5-28-51-4,mawr,1,NB,51,4,NB51-04,JG,2014,1,mawr,531,,Secondary,28,5,6,28/5/2014
2014-5-28-51-4,bobo,2,NB,51,4,NB51-04,JG,2014,1,bobo,532,,Secondary,28,5,6,28/5/2014
2014-5-28-51-4,swsp,1,NB,51,4,NB51-04,JG,2014,1,swsp,533,,Secondary,28,5,6,28/5/2014
2014-5-28-51-4,rwbl,4,NB,51,4,NB51-04,JG,2014,1,rwbl,534,,Secondary,28,5,6,28/5/2014
2014-5-28-51-4,cang,2,NB,51,4,NB51-04,JG,2014,1,cang,535,,Secondary,28,5,6,28/5/2014
2014-5-28-51-4,coye,1,NB,51,4,NB51-04,JG,2014,1,coye,536,,Secondary,28,5,6,28/5/2014
2014-5-28-51-5,sora,1,NB,51,5,NB51-05,JG,2014,1,sora,d0,n,cryptic,28,5,7,28/5/2014
2014-5-28-51-5,sora,1,NB,51,5,NB51-05,JG,2014,1,sora,d0,n,cryptic,28,5,7,28/5/2014
2014-5-28-51-5,sora,1,NB,51,5,NB51-05,JG,2014,1,sora,d0,n,cryptic,28,5,7,28/5/2014
2014-5-28-51-5,ambi,1,NB,51,5,NB51-05,JG,2014,1,ambi,d0,n,cryptic,28,5,7,28/5/2014
2014-5-28-51-5,mawr,2,NB,51,5,NB51-05,JG,2014,1,mawr,537,,Secondary,28,5,7,28/5/2014
2014-5-28-51-5,rwbl,2,NB,51,5,NB51-05,JG,2014,1,rwbl,538,,Secondary,28,5,7,28/5/2014
2014-5-28-51-5,swsp,3,NB,51,5,NB51-05,JG,2014,1,swsp,539,,Secondary,28,5,7,28/5/2014
2014-5-28-51-6,ambi,1,NB,51,6,NB51-06,JG,2014,1,ambi,d100,n,cryptic,28,5,5,28/5/2014
2014-5-28-51-6,cang,4,NB,51,6,NB51-06,JG,2014,1,cang,540,,Secondary,28,5,5,28/5/2014
2014-5-28-51-6,sosp,2,NB,51,6,NB51-06,JG,2014,1,sosp,541,,Secondary,28,5,5,28/5/2014
2014-5-28-51-6,mawr,1,NB,51,6,NB51-06,JG,2014,1,mawr,542,,Secondary,28,5,5,28/5/2014
2014-5-28-51-6,tres,150,NB,51,6,NB51-06,JG,2014,1,tres,543,,Secondary,28,5,5,28/5/2014
2014-5-28-51-6,sosp,1,NB,51,6,NB51-06,JG,2014,1,sosp,544,,Secondary,28,5,5,28/5/2014
2014-5-28-51-6,bars,50,NB,51,6,NB51-06,JG,2014,1,bars,545,,Secondary,28,5,5,28/5/2014
2014-5-28-51-6,amcr,1,NB,51,6,NB51-06,JG,2014,1,amcr,546,,Secondary,28,5,5,28/5/2014
2014-5-28-51-6,rwbl,5,NB,51,6,NB51-06,JG,2014,1,rwbl,547,,Secondary,28,5,5,28/5/2014
2014-5-28-51-6,swsp,1,NB,51,6,NB51-06,JG,2014,1,swsp,548,,Secondary,28,5,5,28/5/2014
2014-5-28-51-6,bans,10,NB,51,6,NB51-06,JG,2014,1,bans,549,,Secondary,28,5,5,28/5/2014
2014-5-28-51-6,clsw,10,NB,51,6,NB51-06,JG,2014,1,clsw,550,,Secondary,28,5,5,28/5/2014
2014-5-28-51-7,tres,30,NB,51,7,NB51-07,JG,2014,1,tres,551,,Secondary,28,5,7,28/5/2014
2014-5-28-51-7,bars,20,NB,51,7,NB51-07,JG,2014,1,bars,552,,Secondary,28,5,7,28/5/2014
2014-5-28-51-7,bans,5,NB,51,7,NB51-07,JG,2014,1,bans,553,,Secondary,28,5,7,28/5/2014
2014-5-28-51-7,clsw,5,NB,51,7,NB51-07,JG,2014,1,clsw,554,,Secondary,28,5,7,28/5/2014
2014-5-28-51-7,dcco,10,NB,51,7,NB51-07,JG,2014,1,dcco,555,,Secondary,28,5,7,28/5/2014
2014-5-28-51-7,btnw,1,NB,51,7,NB51-07,JG,2014,1,btnw,556,,Secondary,28,5,7,28/5/2014
2014-5-28-51-7,yewa,2,NB,51,7,NB51-07,JG,2014,1,yewa,557,,Secondary,28,5,7,28/5/2014
2014-5-28-51-7,yrwa,2,NB,51,7,NB51-07,JG,2014,1,yrwa,558,,Secondary,28,5,7,28/5/2014
2014-5-28-51-7,gadw,2,NB,51,7,NB51-07,JG,2014,1,gadw,559,,Secondary,28,5,7,28/5/2014
2014-5-28-51-7,rndu,13,NB,51,7,NB51-07,JG,2014,1,rndu,560,,Secondary,28,5,7,28/5/2014
2014-5-28-51-7,sosp,1,NB,51,7,NB51-07,JG,2014,1,sosp,561,,Secondary,28,5,7,28/5/2014
2014-5-28-51-7,baww,1,NB,51,7,NB51-07,JG,2014,1,baww,562,,Secondary,28,5,7,28/5/2014
2014-5-28-51-8,ambi,1,NB,51,8,NB51-08,JG,2014,1,ambi,d0,n,cryptic,28,5,6,28/5/2014
2014-5-28-51-8,sora,1,NB,51,8,NB51-08,JG,2014,1,sora,d0,n,cryptic,28,5,6,28/5/2014
2014-5-28-51-8,pbgr,1,NB,51,8,NB51-08,JG,2014,1,pbgr,d0,n,cryptic,28,5,6,28/5/2014
2014-5-28-51-8,pbgr,1,NB,51,8,NB51-08,JG,2014,1,pbgr,d50,n,cryptic,28,5,6,28/5/2014
2014-5-28-51-8,pbgr,1,NB,51,8,NB51-08,JG,2014,1,pbgr,d0,n,cryptic,28,5,6,28/5/2014
2014-5-28-51-8,sora,1,NB,51,8,NB51-08,JG,2014,1,sora,d0,n,cryptic,28,5,6,28/5/2014
2014-5-28-51-8,cang,5,NB,51,8,NB51-08,JG,2014,1,cang,563,,Secondary,28,5,6,28/5/2014
2014-5-28-51-8,rwbl,3,NB,51,8,NB51-08,JG,2014,1,rwbl,564,,Secondary,28,5,6,28/5/2014
2014-5-28-51-8,swsp,1,NB,51,8,NB51-08,JG,2014,1,swsp,565,,Secondary,28,5,6,28/5/2014
2014-5-28-51-8,sosp,1,NB,51,8,NB51-08,JG,2014,1,sosp,566,,Secondary,28,5,6,28/5/2014
2014-5-28-51-8,rndu,1,NB,51,8,NB51-08,JG,2014,1,rndu,567,,Secondary,28,5,6,28/5/2014
2014-5-28-51-8,grye,1,NB,51,8,NB51-08,JG,2014,1,grye,568,,Secondary,28,5,6,28/5/2014
2014-5-28-51-8,yewa,1,NB,51,8,NB51-08,JG,2014,1,yewa,569,,Secondary,28,5,6,28/5/2014
2014-5-28-51-9,cang,10,NB,51,9,NB51-09,JG,2014,1,cang,570,,Secondary,28,5,7,28/5/2014
2014-5-28-51-9,tres,1,NB,51,9,NB51-09,JG,2014,1,tres,571,,Secondary,28,5,7,28/5/2014
2014-5-28-51-9,amcr,1,NB,51,9,NB51-09,JG,2014,1,amcr,572,,Secondary,28,5,7,28/5/2014
2014-5-28-51-9,rwbl,3,NB,51,9,NB51-09,JG,2014,1,rwbl,573,,Secondary,28,5,7,28/5/2014
2014-5-28-51-9,rthu,1,NB,51,9,NB51-09,JG,2014,1,rthu,574,,Secondary,28,5,7,28/5/2014
2014-6-11-51-1,sora,1,NB,51,1,NB51-01,JG,2014,2,sora,d0,n,cryptic,11,6,11,11/6/2014
2014-6-11-51-1,ambi,1,NB,51,1,NB51-01,JG,2014,2,ambi,d0,n,cryptic,11,6,11,11/6/2014
2014-6-11-51-1,sora,1,NB,51,1,NB51-01,JG,2014,2,sora,d100,n,cryptic,11,6,11,11/6/2014
2014-6-11-51-1,yewa,1,NB,51,1,NB51-01,JG,2014,2,yewa,575,,Secondary,11,6,11,11/6/2014
2014-6-11-51-1,coye,2,NB,51,1,NB51-01,JG,2014,2,coye,576,,Secondary,11,6,11,11/6/2014
2014-6-11-51-1,swsp,1,NB,51,1,NB51-01,JG,2014,2,swsp,577,,Secondary,11,6,11,11/6/2014
2014-6-11-51-1,mawr,2,NB,51,1,NB51-01,JG,2014,2,mawr,578,,Secondary,11,6,11,11/6/2014
2014-6-11-51-1,heth,1,NB,51,1,NB51-01,JG,2014,2,heth,579,,Secondary,11,6,11,11/6/2014
2014-6-11-51-1,rwbl,3,NB,51,1,NB51-01,JG,2014,2,rwbl,580,,Secondary,11,6,11,11/6/2014
2014-6-11-51-1,swth,1,NB,51,1,NB51-01,JG,2014,2,swth,581,,Secondary,11,6,11,11/6/2014
2014-6-11-51-2,sora,1,NB,51,2,NB51-02,JG,2014,2,sora,d50,n,cryptic,11,6,11,11/6/2014
2014-6-11-51-2,ambi,1,NB,51,2,NB51-02,JG,2014,2,ambi,d50,n,cryptic,11,6,11,11/6/2014
2014-6-11-51-2,pbgr,1,NB,51,2,NB51-02,JG,2014,2,pbgr,d50,n,cryptic,11,6,11,11/6/2014
2014-6-11-51-2,sora,1,NB,51,2,NB51-02,JG,2014,2,sora,d50,n,cryptic,11,6,11,11/6/2014
2014-6-11-51-2,nesp,1,NB,51,2,NB51-02,JG,2014,2,nesp,d0,n,cryptic,11,6,11,11/6/2014
2014-6-11-51-2,ambi,1,NB,51,2,NB51-02,JG,2014,2,ambi,d0,n,cryptic,11,6,11,11/6/2014
2014-6-11-51-2,sora,1,NB,51,2,NB51-02,JG,2014,2,sora,d0,n,cryptic,11,6,11,11/6/2014
2014-6-11-51-2,pbgr,1,NB,51,2,NB51-02,JG,2014,2,pbgr,d0,n,cryptic,11,6,11,11/6/2014
2014-6-11-51-2,rwbl,4,NB,51,2,NB51-02,JG,2014,2,rwbl,582,,Secondary,11,6,11,11/6/2014
2014-6-11-51-2,mawr,3,NB,51,2,NB51-02,JG,2014,2,mawr,583,,Secondary,11,6,11,11/6/2014
2014-6-11-51-2,coye,1,NB,51,2,NB51-02,JG,2014,2,coye,584,,Secondary,11,6,11,11/6/2014
2014-6-11-51-2,sosp,2,NB,51,2,NB51-02,JG,2014,2,sosp,585,,Secondary,11,6,11,11/6/2014
2014-6-11-51-2,abdu,3,NB,51,2,NB51-02,JG,2014,2,abdu,586,,Secondary,11,6,11,11/6/2014
2014-6-11-51-3,sora,1,NB,51,3,NB51-03,JG,2014,2,sora,d0,n,cryptic,11,6,11,11/6/2014
2014-6-11-51-3,ambi,1,NB,51,3,NB51-03,JG,2014,2,ambi,d0,n,cryptic,11,6,11,11/6/2014
2014-6-11-51-3,ambi,1,NB,51,3,NB51-03,JG,2014,2,ambi,d0,n,cryptic,11,6,11,11/6/2014
2014-6-11-51-3,vira,1,NB,51,3,NB51-03,JG,2014,2,vira,d0,n,cryptic,11,6,11,11/6/2014
2014-6-11-51-3,vira,1,NB,51,3,NB51-03,JG,2014,2,vira,d50,n,cryptic,11,6,11,11/6/2014
2014-6-11-51-3,sora,1,NB,51,3,NB51-03,JG,2014,2,sora,d50,n,cryptic,11,6,11,11/6/2014
2014-6-11-51-3,nesp,1,NB,51,3,NB51-03,JG,2014,2,nesp,d50,n,cryptic,11,6,11,11/6/2014
2014-6-11-51-3,pbgr,1,NB,51,3,NB51-03,JG,2014,2,pbgr,d100,n,cryptic,11,6,11,11/6/2014
2014-6-11-51-3,mawr,4,NB,51,3,NB51-03,JG,2014,2,mawr,587,,Secondary,11,6,11,11/6/2014
2014-6-11-51-3,rwbl,7,NB,51,3,NB51-03,JG,2014,2,rwbl,588,,Secondary,11,6,11,11/6/2014
2014-6-11-51-3,coye,2,NB,51,3,NB51-03,JG,2014,2,coye,589,,Secondary,11,6,11,11/6/2014
2014-6-11-51-3,cogr,1,NB,51,3,NB51-03,JG,2014,2,cogr,590,,Secondary,11,6,11,11/6/2014
2014-6-11-51-4,sora,1,NB,51,4,NB51-04,JG,2014,2,sora,d0,n,cryptic,11,6,12,11/6/2014
2014-6-11-51-4,sora,1,NB,51,4,NB51-04,JG,2014,2,sora,d0,n,cryptic,11,6,12,11/6/2014
2014-6-11-51-4,ambi,1,NB,51,4,NB51-04,JG,2014,2,ambi,d50,n,cryptic,11,6,12,11/6/2014
2014-6-11-51-4,nesp,1,NB,51,4,NB51-04,JG,2014,2,nesp,d0,n,cryptic,11,6,12,11/6/2014
2014-6-11-51-4,mawr,3,NB,51,4,NB51-04,JG,2014,2,mawr,591,,Secondary,11,6,12,11/6/2014
2014-6-11-51-4,rwbl,5,NB,51,4,NB51-04,JG,2014,2,rwbl,592,,Secondary,11,6,12,11/6/2014
2014-6-11-51-4,alfl,1,NB,51,4,NB51-04,JG,2014,2,alfl,593,,Secondary,11,6,12,11/6/2014
2014-6-11-51-4,coye,2,NB,51,4,NB51-04,JG,2014,2,coye,594,,Secondary,11,6,12,11/6/2014
2014-6-11-51-4,sosp,1,NB,51,4,NB51-04,JG,2014,2,sosp,595,,Secondary,11,6,12,11/6/2014
2014-6-11-51-5,ambi,1,NB,51,5,NB51-05,JG,2014,2,ambi,d0,n,cryptic,11,6,12,11/6/2014
2014-6-11-51-5,sora,1,NB,51,5,NB51-05,JG,2014,2,sora,d0,n,cryptic,11,6,12,11/6/2014
2014-6-11-51-5,mawr,4,NB,51,5,NB51-05,JG,2014,2,mawr,600,,Secondary,11,6,12,11/6/2014
2014-6-11-51-5,rwbl,5,NB,51,5,NB51-05,JG,2014,2,rwbl,601,,Secondary,11,6,12,11/6/2014
2014-6-11-51-5,btnw,1,NB,51,5,NB51-05,JG,2014,2,btnw,602,,Secondary,11,6,12,11/6/2014
2014-6-11-51-5,alfl,1,NB,51,5,NB51-05,JG,2014,2,alfl,603,,Secondary,11,6,12,11/6/2014
2014-6-11-51-5,yewa,1,NB,51,5,NB51-05,JG,2014,2,yewa,604,,Secondary,11,6,12,11/6/2014
2014-6-11-51-5,cogr,1,NB,51,5,NB51-05,JG,2014,2,cogr,605,,Secondary,11,6,12,11/6/2014
2014-6-11-51-5,heth,1,NB,51,5,NB51-05,JG,2014,2,heth,606,,Secondary,11,6,12,11/6/2014
2014-6-11-51-6,nesp,1,NB,51,6,NB51-06,JG,2014,2,nesp,d50,n,cryptic,11,6,13,11/6/2014
2014-6-11-51-6,pbgr,1,NB,51,6,NB51-06,JG,2014,2,pbgr,d0,n,cryptic,11,6,13,11/6/2014
2014-6-11-51-6,nesp,1,NB,51,6,NB51-06,JG,2014,2,nesp,d0,n,cryptic,11,6,13,11/6/2014
2014-6-11-51-6,sora,1,NB,51,6,NB51-06,JG,2014,2,sora,d0,n,cryptic,11,6,13,11/6/2014
2014-6-11-51-6,yewa,2,NB,51,6,NB51-06,JG,2014,2,yewa,596,,Secondary,11,6,13,11/6/2014
2014-6-11-51-6,rwbl,3,NB,51,6,NB51-06,JG,2014,2,rwbl,597,,Secondary,11,6,13,11/6/2014
2014-6-11-51-6,coye,3,NB,51,6,NB51-06,JG,2014,2,coye,598,,Secondary,11,6,13,11/6/2014
2014-6-11-51-6,sosp,3,NB,51,6,NB51-06,JG,2014,2,sosp,599,,Secondary,11,6,13,11/6/2014
2014-6-11-51-7,nesp,1,NB,51,7,NB51-07,JG,2014,2,nesp,d50,n,cryptic,11,6,13,11/6/2014
2014-6-11-51-7,nesp,1,NB,51,7,NB51-07,JG,2014,2,nesp,d50,n,cryptic,11,6,13,11/6/2014
2014-6-11-51-7,nesp,1,NB,51,7,NB51-07,JG,2014,2,nesp,d50,n,cryptic,11,6,13,11/6/2014
2014-6-11-51-7,cedw,4,NB,51,7,NB51-07,JG,2014,2,cedw,607,,Secondary,11,6,13,11/6/2014
2014-6-11-51-7,amro,2,NB,51,7,NB51-07,JG,2014,2,amro,608,,Secondary,11,6,13,11/6/2014
2014-6-11-51-7,yewa,2,NB,51,7,NB51-07,JG,2014,2,yewa,609,,Secondary,11,6,13,11/6/2014
2014-6-11-51-7,sosp,2,NB,51,7,NB51-07,JG,2014,2,sosp,610,,Secondary,11,6,13,11/6/2014
2014-6-11-51-7,swsp,1,NB,51,7,NB51-07,JG,2014,2,swsp,611,,Secondary,11,6,13,11/6/2014
2014-6-11-51-7,bcch,2,NB,51,7,NB51-07,JG,2014,2,bcch,612,,Secondary,11,6,13,11/6/2014
2014-6-11-51-7,rwbl,4,NB,51,7,NB51-07,JG,2014,2,rwbl,613,,Secondary,11,6,13,11/6/2014
2014-6-11-51-7,amcr,1,NB,51,7,NB51-07,JG,2014,2,amcr,614,,Secondary,11,6,13,11/6/2014
2014-6-11-51-7,rthu,1,NB,51,7,NB51-07,JG,2014,2,rthu,615,,Secondary,11,6,13,11/6/2014
2014-6-11-51-7,gbbg,1,NB,51,7,NB51-07,JG,2014,2,gbbg,616,,Secondary,11,6,13,11/6/2014
2014-6-11-51-8,vira,1,NB,51,8,NB51-08,JG,2014,2,vira,d0,n,cryptic,11,6,13,11/6/2014
2014-6-11-51-8,nesp,1,NB,51,8,NB51-08,JG,2014,2,nesp,d0,n,cryptic,11,6,13,11/6/2014
2014-6-11-51-8,nesp,1,NB,51,8,NB51-08,JG,2014,2,nesp,d0,n,cryptic,11,6,13,11/6/2014
2014-6-11-51-8,pbgr,1,NB,51,8,NB51-08,JG,2014,2,pbgr,d0,n,cryptic,11,6,13,11/6/2014
2014-6-11-51-8,sora,1,NB,51,8,NB51-08,JG,2014,2,sora,d0,n,cryptic,11,6,13,11/6/2014
2014-6-11-51-8,sora,1,NB,51,8,NB51-08,JG,2014,2,sora,d0,n,cryptic,11,6,13,11/6/2014
2014-6-11-51-8,ambi,1,NB,51,8,NB51-08,JG,2014,2,ambi,d50,n,cryptic,11,6,13,11/6/2014
2014-6-11-51-8,rwbl,3,NB,51,8,NB51-08,JG,2014,2,rwbl,617,,Secondary,11,6,13,11/6/2014
2014-6-11-51-8,wodu,3,NB,51,8,NB51-08,JG,2014,2,wodu,618,,Secondary,11,6,13,11/6/2014
2014-6-11-51-8,sosp,1,NB,51,8,NB51-08,JG,2014,2,sosp,619,,Secondary,11,6,13,11/6/2014
2014-6-11-51-8,yewa,1,NB,51,8,NB51-08,JG,2014,2,yewa,620,,Secondary,11,6,13,11/6/2014
2014-6-11-51-8,swsp,1,NB,51,8,NB51-08,JG,2014,2,swsp,621,,Secondary,11,6,13,11/6/2014
2014-6-11-51-9,nesp,1,NB,51,9,NB51-09,JG,2014,2,nesp,d0,n,cryptic,11,6,16,11/6/2014
2014-6-11-51-9,cedw,4,NB,51,9,NB51-09,JG,2014,2,cedw,622,,Secondary,11,6,16,11/6/2014
2014-6-11-51-9,abdu,3,NB,51,9,NB51-09,JG,2014,2,abdu,623,,Secondary,11,6,16,11/6/2014
2014-6-11-51-9,sosp,2,NB,51,9,NB51-09,JG,2014,2,sosp,624,,Secondary,11,6,16,11/6/2014
2014-6-11-51-9,rwbl,1,NB,51,9,NB51-09,JG,2014,2,rwbl,625,,Secondary,11,6,16,11/6/2014
2014-6-11-51-9,ospr,1,NB,51,9,NB51-09,JG,2014,2,ospr,626,,Secondary,11,6,16,11/6/2014
2014-6-11-51-9,coye,1,NB,51,9,NB51-09,JG,2014,2,coye,627,,Secondary,11,6,16,11/6/2014
2014-6-30-51-1,ambi,1,NB,51,1,NB51-01,JG,2014,3,ambi,d0,n,cryptic,30,6,12,30/6/2014
2014-6-30-51-1,pbgr,1,NB,51,1,NB51-01,JG,2014,3,pbgr,d0,n,cryptic,30,6,12,30/6/2014
2014-6-30-51-1,rwbl,3,NB,51,1,NB51-01,JG,2014,3,rwbl,628,,Secondary,30,6,12,30/6/2014
2014-6-30-51-1,coye,2,NB,51,1,NB51-01,JG,2014,3,coye,629,,Secondary,30,6,12,30/6/2014
2014-6-30-51-1,bbwa,1,NB,51,1,NB51-01,JG,2014,3,bbwa,630,,Secondary,30,6,12,30/6/2014
2014-6-30-51-1,heth,1,NB,51,1,NB51-01,JG,2014,3,heth,631,,Secondary,30,6,12,30/6/2014
2014-6-30-51-1,swsp,2,NB,51,1,NB51-01,JG,2014,3,swsp,632,,Secondary,30,6,12,30/6/2014
2014-6-30-51-1,revi,3,NB,51,1,NB51-01,JG,2014,3,revi,633,,Secondary,30,6,12,30/6/2014
2014-6-30-51-2,sora,1,NB,51,2,NB51-02,JG,2014,3,sora,d0,n,cryptic,30,6,12,30/6/2014
2014-6-30-51-2,nesp,1,NB,51,2,NB51-02,JG,2014,3,nesp,d0,n,cryptic,30,6,12,30/6/2014
2014-6-30-51-2,nesp,1,NB,51,2,NB51-02,JG,2014,3,nesp,d0,n,cryptic,30,6,12,30/6/2014
2014-6-30-51-2,pbgr,1,NB,51,2,NB51-02,JG,2014,3,pbgr,d0,n,cryptic,30,6,12,30/6/2014
2014-6-30-51-2,pbgr,1,NB,51,2,NB51-02,JG,2014,3,pbgr,d0,n,cryptic,30,6,12,30/6/2014
2014-6-30-51-2,sora,1,NB,51,2,NB51-02,JG,2014,3,sora,d0,n,cryptic,30,6,12,30/6/2014
2014-6-30-51-2,pbgr,1,NB,51,2,NB51-02,JG,2014,3,pbgr,d0,n,cryptic,30,6,12,30/6/2014
2014-6-30-51-2,sora,1,NB,51,2,NB51-02,JG,2014,3,sora,d50,n,cryptic,30,6,12,30/6/2014
2014-6-30-51-2,coye,3,NB,51,2,NB51-02,JG,2014,3,coye,634,,Secondary,30,6,12,30/6/2014
2014-6-30-51-2,rwbl,3,NB,51,2,NB51-02,JG,2014,3,rwbl,635,,Secondary,30,6,12,30/6/2014
2014-6-30-51-2,swsp,1,NB,51,2,NB51-02,JG,2014,3,swsp,636,,Secondary,30,6,12,30/6/2014
2014-6-30-51-2,mawr,2,NB,51,2,NB51-02,JG,2014,3,mawr,637,,Secondary,30,6,12,30/6/2014
2014-6-30-51-3,sora,1,NB,51,3,NB51-03,JG,2014,3,sora,d0,n,cryptic,30,6,12,30/6/2014
2014-6-30-51-3,nesp,1,NB,51,3,NB51-03,JG,2014,3,nesp,d0,n,cryptic,30,6,12,30/6/2014
2014-6-30-51-3,sora,1,NB,51,3,NB51-03,JG,2014,3,sora,d0,n,cryptic,30,6,12,30/6/2014
2014-6-30-51-3,pbgr,1,NB,51,3,NB51-03,JG,2014,3,pbgr,d0,n,cryptic,30,6,12,30/6/2014
2014-6-30-51-3,sora,1,NB,51,3,NB51-03,JG,2014,3,sora,d50,n,cryptic,30,6,12,30/6/2014
2014-6-30-51-3,pbgr,1,NB,51,3,NB51-03,JG,2014,3,pbgr,d0,n,cryptic,30,6,12,30/6/2014
2014-6-30-51-3,mawr,6,NB,51,3,NB51-03,JG,2014,3,mawr,638,,Secondary,30,6,12,30/6/2014
2014-6-30-51-3,rwbl,9,NB,51,3,NB51-03,JG,2014,3,rwbl,639,,Secondary,30,6,12,30/6/2014
2014-6-30-51-3,coye,2,NB,51,3,NB51-03,JG,2014,3,coye,640,,Secondary,30,6,12,30/6/2014
2014-6-30-51-3,swsp,1,NB,51,3,NB51-03,JG,2014,3,swsp,641,,Secondary,30,6,12,30/6/2014
2014-6-30-51-4,vira,1,NB,51,4,NB51-04,JG,2014,3,vira,d0,n,cryptic,30,6,14,30/6/2014
2014-6-30-51-4,vira,1,NB,51,4,NB51-04,JG,2014,3,vira,d0,n,cryptic,30,6,14,30/6/2014
2014-6-30-51-4,yewa,2,NB,51,4,NB51-04,JG,2014,3,yewa,642,,Secondary,30,6,14,30/6/2014
2014-6-30-51-4,mawr,5,NB,51,4,NB51-04,JG,2014,3,mawr,643,,Secondary,30,6,14,30/6/2014
2014-6-30-51-4,rwbl,4,NB,51,4,NB51-04,JG,2014,3,rwbl,644,,Secondary,30,6,14,30/6/2014
2014-6-30-51-4,swsp,1,NB,51,4,NB51-04,JG,2014,3,swsp,645,,Secondary,30,6,14,30/6/2014
2014-6-30-51-4,revi,1,NB,51,4,NB51-04,JG,2014,3,revi,646,,Secondary,30,6,14,30/6/2014
2014-6-30-51-4,coye,2,NB,51,4,NB51-04,JG,2014,3,coye,647,,Secondary,30,6,14,30/6/2014
2014-6-30-51-5,mawr,4,NB,51,5,NB51-05,JG,2014,3,mawr,648,,Secondary,30,6,14,30/6/2014
2014-6-30-51-5,rwbl,3,NB,51,5,NB51-05,JG,2014,3,rwbl,649,,Secondary,30,6,14,30/6/2014
2014-6-30-51-5,yewa,3,NB,51,5,NB51-05,JG,2014,3,yewa,650,,Secondary,30,6,14,30/6/2014
2014-6-30-51-5,coye,2,NB,51,5,NB51-05,JG,2014,3,coye,651,,Secondary,30,6,14,30/6/2014
2014-6-30-51-5,swsp,1,NB,51,5,NB51-05,JG,2014,3,swsp,652,,Secondary,30,6,14,30/6/2014
2014-6-30-51-5,revi,2,NB,51,5,NB51-05,JG,2014,3,revi,653,,Secondary,30,6,14,30/6/2014
2014-6-30-51-6,nesp,1,NB,51,6,NB51-06,JG,2014,3,nesp,d0,n,cryptic,30,6,16,30/6/2014
2014-6-30-51-6,yewa,3,NB,51,6,NB51-06,JG,2014,3,yewa,654,,Secondary,30,6,16,30/6/2014
2014-6-30-51-6,mawr,2,NB,51,6,NB51-06,JG,2014,3,mawr,655,,Secondary,30,6,16,30/6/2014
2014-6-30-51-6,rwbl,4,NB,51,6,NB51-06,JG,2014,3,rwbl,656,,Secondary,30,6,16,30/6/2014
2014-6-30-51-6,sosp,2,NB,51,6,NB51-06,JG,2014,3,sosp,657,,Secondary,30,6,16,30/6/2014
2014-6-30-51-6,grye,1,NB,51,6,NB51-06,JG,2014,3,grye,658,,Secondary,30,6,16,30/6/2014
2014-6-30-51-7,nesp,1,NB,51,7,NB51-07,JG,2014,3,nesp,d0,n,cryptic,30,6,16,30/6/2014
2014-6-30-51-7,nesp,1,NB,51,7,NB51-07,JG,2014,3,nesp,d0,n,cryptic,30,6,16,30/6/2014
2014-6-30-51-7,nesp,1,NB,51,7,NB51-07,JG,2014,3,nesp,d0,n,cryptic,30,6,16,30/6/2014
2014-6-30-51-7,yewa,1,NB,51,7,NB51-07,JG,2014,3,yewa,659,,Secondary,30,6,16,30/6/2014
2014-6-30-51-7,amcr,1,NB,51,7,NB51-07,JG,2014,3,amcr,660,,Secondary,30,6,16,30/6/2014
2014-6-30-51-7,rwbl,3,NB,51,7,NB51-07,JG,2014,3,rwbl,661,,Secondary,30,6,16,30/6/2014
2014-6-30-51-7,heth,1,NB,51,7,NB51-07,JG,2014,3,heth,662,,Secondary,30,6,16,30/6/2014
2014-6-30-51-7,rbnu,1,NB,51,7,NB51-07,JG,2014,3,rbnu,663,,Secondary,30,6,16,30/6/2014
2014-6-30-51-7,coye,2,NB,51,7,NB51-07,JG,2014,3,coye,664,,Secondary,30,6,16,30/6/2014
2014-6-30-51-7,abdu,1,NB,51,7,NB51-07,JG,2014,3,abdu,665,,Secondary,30,6,16,30/6/2014
2014-6-30-51-8,pbgr,1,NB,51,8,NB51-08,JG,2014,3,pbgr,d50,n,cryptic,30,6,16,30/6/2014
2014-6-30-51-8,rwbl,7,NB,51,8,NB51-08,JG,2014,3,rwbl,666,,Secondary,30,6,16,30/6/2014
2014-6-30-51-8,heth,1,NB,51,8,NB51-08,JG,2014,3,heth,667,,Secondary,30,6,16,30/6/2014
2014-6-30-51-8,abdu,1,NB,51,8,NB51-08,JG,2014,3,abdu,668,,Secondary,30,6,16,30/6/2014
2014-6-30-51-8,bwte,1,NB,51,8,NB51-08,JG,2014,3,bwte,669,,Secondary,30,6,16,30/6/2014
2014-6-30-51-8,sosp,1,NB,51,8,NB51-08,JG,2014,3,sosp,670,,Secondary,30,6,16,30/6/2014
2014-6-30-51-8,gwte,1,NB,51,8,NB51-08,JG,2014,3,gwte,671,,Secondary,30,6,16,30/6/2014
2014-6-30-51-8,yewa,1,NB,51,8,NB51-08,JG,2014,3,yewa,672,,Secondary,30,6,16,30/6/2014
2014-6-30-51-8,grye,1,NB,51,8,NB51-08,JG,2014,3,grye,673,,Secondary,30,6,16,30/6/2014
2014-6-30-51-9,nesp,1,NB,51,9,NB51-09,JG,2014,3,nesp,d0,n,cryptic,30,6,16,30/6/2014
2014-6-30-51-9,beki,1,NB,51,9,NB51-09,JG,2014,3,beki,674,,Secondary,30,6,16,30/6/2014
2014-6-30-51-9,coye,1,NB,51,9,NB51-09,JG,2014,3,coye,675,,Secondary,30,6,16,30/6/2014
2014-6-30-51-9,sosp,4,NB,51,9,NB51-09,JG,2014,3,sosp,676,,Secondary,30,6,16,30/6/2014
2014-6-30-51-9,yewa,1,NB,51,9,NB51-09,JG,2014,3,yewa,677,,Secondary,30,6,16,30/6/2014
2014-6-30-51-9,bars,1,NB,51,9,NB51-09,JG,2014,3,bars,678,,Secondary,30,6,16,30/6/2014
2014-6-30-51-9,savs,1,NB,51,9,NB51-09,JG,2014,3,savs,679,,Secondary,30,6,16,30/6/2014
2014-6-30-51-9,tres,1,NB,51,9,NB51-09,JG,2014,3,tres,680,,Secondary,30,6,16,30/6/2014
2015-6-26-51-1,ambi,1,NB,51,1,NB51-01,JG,2015,2,ambi,d100,n,cryptic,26,6,6,26/6/2015
2015-6-26-51-1,sora,1,NB,51,1,NB51-01,JG,2015,2,sora,d100,n,cryptic,26,6,6,26/6/2015
2015-6-26-51-1,pbgr,1,NB,51,1,NB51-01,JG,2015,2,pbgr,d100,n,cryptic,26,6,6,26/6/2015
2015-6-26-51-1,sora,1,NB,51,1,NB51-01,JG,2015,2,sora,d100,n,cryptic,26,6,6,26/6/2015
2015-6-26-51-1,mawr,2,NB,51,1,NB51-01,JG,2015,2,mawr,724,,Secondary,26,6,6,26/6/2015
2015-6-26-51-1,baea,1,NB,51,1,NB51-01,JG,2015,2,baea,725,,Secondary,26,6,6,26/6/2015
2015-6-26-51-1,abdu,17,NB,51,1,NB51-01,JG,2015,2,abdu,726,,Secondary,26,6,6,26/6/2015
2015-6-26-51-2,sora,1,NB,51,2,NB51-02,JG,2015,2,sora,d100,n,cryptic,26,6,8,26/6/2015
2015-6-26-51-2,ambi,1,NB,51,2,NB51-02,JG,2015,2,ambi,d100,y,cryptic,26,6,8,26/6/2015
2015-6-26-51-2,sora,1,NB,51,2,NB51-02,JG,2015,2,sora,d100,y,cryptic,26,6,8,26/6/2015
2015-6-26-51-2,pbgr,1,NB,51,2,NB51-02,JG,2015,2,pbgr,d100,y,cryptic,26,6,8,26/6/2015
2015-6-26-51-2,sora,1,NB,51,2,NB51-02,JG,2015,2,sora,d100,y,cryptic,26,6,8,26/6/2015
2015-6-26-51-2,sosp,1,NB,51,2,NB51-02,JG,2015,2,sosp,727,,Secondary,26,6,8,26/6/2015
2015-6-26-51-2,coye,2,NB,51,2,NB51-02,JG,2015,2,coye,728,,Secondary,26,6,8,26/6/2015
2015-6-26-51-2,swsp,2,NB,51,2,NB51-02,JG,2015,2,swsp,729,,Secondary,26,6,8,26/6/2015
2015-6-26-51-2,mawr,1,NB,51,2,NB51-02,JG,2015,2,mawr,730,,Secondary,26,6,8,26/6/2015
2015-6-26-51-2,rwbl,2,NB,51,2,NB51-02,JG,2015,2,rwbl,731,,Secondary,26,6,8,26/6/2015
2015-6-26-51-3,ambi,1,NB,51,3,NB51-03,JG,2015,2,ambi,d100,n,cryptic,26,6,8,26/6/2015
2015-6-26-51-3,sora,1,NB,51,3,NB51-03,JG,2015,2,sora,d50,y,cryptic,26,6,8,26/6/2015
2015-6-26-51-3,nesp,1,NB,51,3,NB51-03,JG,2015,2,nesp,d50,n,cryptic,26,6,8,26/6/2015
2015-6-26-51-3,vira,1,NB,51,3,NB51-03,JG,2015,2,vira,d0,n,cryptic,26,6,8,26/6/2015
2015-6-26-51-3,sora,1,NB,51,3,NB51-03,JG,2015,2,sora,d100,n,cryptic,26,6,8,26/6/2015
2015-6-26-51-3,ambi,1,NB,51,3,NB51-03,JG,2015,2,ambi,d100,n,cryptic,26,6,8,26/6/2015
2015-6-26-51-3,sora,1,NB,51,3,NB51-03,JG,2015,2,sora,d100,n,cryptic,26,6,8,26/6/2015
2015-6-26-51-3,mawr,5,NB,51,3,NB51-03,JG,2015,2,mawr,732,,Secondary,26,6,8,26/6/2015
2015-6-26-51-3,rwbl,2,NB,51,3,NB51-03,JG,2015,2,rwbl,733,,Secondary,26,6,8,26/6/2015
2015-6-26-51-3,coye,1,NB,51,3,NB51-03,JG,2015,2,coye,734,,Secondary,26,6,8,26/6/2015
2015-6-26-51-4,sora,1,NB,51,4,NB51-04,JG,2015,2,sora,d50,n,cryptic,26,6,10,26/6/2015
2015-6-26-51-4,sora,1,NB,51,4,NB51-04,JG,2015,2,sora,d100,y,cryptic,26,6,10,26/6/2015
2015-6-26-51-4,vira,1,NB,51,4,NB51-04,JG,2015,2,vira,d50,n,cryptic,26,6,10,26/6/2015
2015-6-26-51-4,sora,1,NB,51,4,NB51-04,JG,2015,2,sora,d0,n,cryptic,26,6,10,26/6/2015
2015-6-26-51-4,vira,1,NB,51,4,NB51-04,JG,2015,2,vira,d100,n,cryptic,26,6,10,26/6/2015
2015-6-26-51-4,sora,1,NB,51,4,NB51-04,JG,2015,2,sora,d50,n,cryptic,26,6,10,26/6/2015
2015-6-26-51-4,mawr,5,NB,51,4,NB51-04,JG,2015,2,mawr,735,,Secondary,26,6,10,26/6/2015
2015-6-26-51-5,sora,1,NB,51,5,NB51-05,JG,2015,2,sora,d50,n,cryptic,26,6,10,26/6/2015
2015-6-26-51-5,sora,1,NB,51,5,NB51-05,JG,2015,2,sora,d50,n,cryptic,26,6,10,26/6/2015
2015-6-26-51-5,sora,1,NB,51,5,NB51-05,JG,2015,2,sora,d50,n,cryptic,26,6,10,26/6/2015
2015-6-26-51-5,mawr,3,NB,51,5,NB51-05,JG,2015,2,mawr,736,,Secondary,26,6,10,26/6/2015
2015-6-26-51-5,swsp,4,NB,51,5,NB51-05,JG,2015,2,swsp,737,,Secondary,26,6,10,26/6/2015
2015-6-26-51-5,rwbl,4,NB,51,5,NB51-05,JG,2015,2,rwbl,738,,Secondary,26,6,10,26/6/2015
2015-6-26-51-6,sora,1,NB,51,6,NB51-06,JG,2015,2,sora,d100,y,cryptic,26,6,10,26/6/2015
2015-6-26-51-6,nesp,1,NB,51,6,NB51-06,JG,2015,2,nesp,d50,n,cryptic,26,6,10,26/6/2015
2015-6-26-51-6,sosp,2,NB,51,6,NB51-06,JG,2015,2,sosp,739,,Secondary,26,6,10,26/6/2015
2015-6-26-51-6,swsp,1,NB,51,6,NB51-06,JG,2015,2,swsp,740,,Secondary,26,6,10,26/6/2015
2015-6-26-51-6,coye,1,NB,51,6,NB51-06,JG,2015,2,coye,741,,Secondary,26,6,10,26/6/2015
2015-6-26-51-7,nesp,1,NB,51,7,NB51-07,JG,2015,2,nesp,d100,n,cryptic,26,6,12,26/6/2015
2015-6-26-51-7,yewa,2,NB,51,7,NB51-07,JG,2015,2,yewa,742,,Secondary,26,6,12,26/6/2015
2015-6-26-51-7,sosp,3,NB,51,7,NB51-07,JG,2015,2,sosp,743,,Secondary,26,6,12,26/6/2015
2015-6-26-51-8,ambi,1,NB,51,8,NB51-08,JG,2015,2,ambi,d50,n,cryptic,26,6,10,26/6/2015
2015-6-26-51-8,nesp,1,NB,51,8,NB51-08,JG,2015,2,nesp,d50,n,cryptic,26,6,10,26/6/2015
2015-6-26-51-8,sora,1,NB,51,8,NB51-08,JG,2015,2,sora,d0,n,cryptic,26,6,10,26/6/2015
2015-6-26-51-8,pbgr,1,NB,51,8,NB51-08,JG,2015,2,pbgr,d50,n,cryptic,26,6,10,26/6/2015
2015-6-26-51-8,sora,1,NB,51,8,NB51-08,JG,2015,2,sora,d50,n,cryptic,26,6,10,26/6/2015
2015-6-26-51-8,pbgr,1,NB,51,8,NB51-08,JG,2015,2,pbgr,d100,y,cryptic,26,6,10,26/6/2015
2015-6-26-51-8,rwbl,6,NB,51,8,NB51-08,JG,2015,2,rwbl,744,,Secondary,26,6,10,26/6/2015
2015-6-26-51-8,yewa,1,NB,51,8,NB51-08,JG,2015,2,yewa,745,,Secondary,26,6,10,26/6/2015
2015-6-4-51-4,sora,1,NB,51,4,NB51-04,MM,2015,1,sora,d100,n,cryptic,4,6,10,4/6/2015
2015-6-4-51-4,rwbl,6,NB,51,4,NB51-04,MM,2015,1,rwbl,695,,Secondary,4,6,10,4/6/2015
2015-6-4-51-4,mawr,3,NB,51,4,NB51-04,MM,2015,1,mawr,696,,Secondary,4,6,10,4/6/2015
2015-6-4-51-4,swsp,1,NB,51,4,NB51-04,MM,2015,1,swsp,697,,Secondary,4,6,10,4/6/2015
2015-6-4-51-4,coye,2,NB,51,4,NB51-04,MM,2015,1,coye,698,,Secondary,4,6,10,4/6/2015
2015-6-4-51-4,tres,8,NB,51,4,NB51-04,MM,2015,1,tres,699,,Secondary,4,6,10,4/6/2015
2015-6-4-51-4,amwi,1,NB,51,4,NB51-04,MM,2015,1,amwi,700,,Secondary,4,6,10,4/6/2015
2015-6-4-51-4,abdu,7,NB,51,4,NB51-04,MM,2015,1,abdu,701,,Secondary,4,6,10,4/6/2015
2015-6-4-51-5,sora,1,NB,51,5,NB51-05,MM,2015,1,sora,d100,y,cryptic,4,6,10,4/6/2015
2015-6-4-51-5,sora,1,NB,51,5,NB51-05,MM,2015,1,sora,d100,y,cryptic,4,6,10,4/6/2015
2015-6-4-51-5,ambi,1,NB,51,5,NB51-05,MM,2015,1,ambi,d0,n,cryptic,4,6,10,4/6/2015
2015-6-4-51-5,mawr,2,NB,51,5,NB51-05,MM,2015,1,mawr,702,,Secondary,4,6,10,4/6/2015
2015-6-4-51-5,cang,3,NB,51,5,NB51-05,MM,2015,1,cang,703,,Secondary,4,6,10,4/6/2015
2015-6-4-51-5,rwbl,3,NB,51,5,NB51-05,MM,2015,1,rwbl,704,,Secondary,4,6,10,4/6/2015
2015-6-4-51-5,coye,2,NB,51,5,NB51-05,MM,2015,1,coye,705,,Secondary,4,6,10,4/6/2015
2015-7-11-51-1,sora,1,NB,51,1,NB51-01,JG,2015,3,sora,d100,n,cryptic,11,7,13,11/7/2015
2015-7-11-51-1,pbgr,1,NB,51,1,NB51-01,JG,2015,3,pbgr,d100,n,cryptic,11,7,13,11/7/2015
2015-7-11-51-1,mawr,3,NB,51,1,NB51-01,JG,2015,3,mawr,746,,Secondary,11,7,13,11/7/2015
2015-7-11-51-1,swsp,1,NB,51,1,NB51-01,JG,2015,3,swsp,747,,Secondary,11,7,13,11/7/2015
2015-7-11-51-1,coye,1,NB,51,1,NB51-01,JG,2015,3,coye,748,,Secondary,11,7,13,11/7/2015
2015-7-11-51-1,rwbl,4,NB,51,1,NB51-01,JG,2015,3,rwbl,749,,Secondary,11,7,13,11/7/2015
2015-7-11-51-1,sora,1,NB,51,1,NB51-01,JG,2015,1,sora,d100,n,cryptic,11,7,13,11/7/2015
2015-7-11-51-1,lebi,1,NB,51,1,NB51-01,JG,2015,1,lebi,d100,n,cryptic,11,7,13,11/7/2015
2015-7-11-51-1,coye,1,NB,51,1,NB51-01,JG,2015,1,coye,681,,Secondary,11,7,13,11/7/2015
2015-7-11-51-1,sosp,1,NB,51,1,NB51-01,JG,2015,1,sosp,682,,Secondary,11,7,13,11/7/2015
2015-7-11-51-1,mawr,2,NB,51,1,NB51-01,JG,2015,1,mawr,683,,Secondary,11,7,13,11/7/2015
2015-7-11-51-2,sora,1,NB,51,2,NB51-02,JG,2015,3,sora,d100,n,cryptic,11,7,15,11/7/2015
2015-7-11-51-2,sora,1,NB,51,2,NB51-02,JG,2015,3,sora,d100,n,cryptic,11,7,15,11/7/2015
2015-7-11-51-2,pbgr,1,NB,51,2,NB51-02,JG,2015,3,pbgr,d100,n,cryptic,11,7,15,11/7/2015
2015-7-11-51-2,mawr,4,NB,51,2,NB51-02,JG,2015,3,mawr,750,,Secondary,11,7,15,11/7/2015
2015-7-11-51-2,rwbl,2,NB,51,2,NB51-02,JG,2015,3,rwbl,751,,Secondary,11,7,15,11/7/2015
2015-7-11-51-2,sosp,1,NB,51,2,NB51-02,JG,2015,3,sosp,752,,Secondary,11,7,15,11/7/2015
2015-7-11-51-2,coye,1,NB,51,2,NB51-02,JG,2015,3,coye,753,,Secondary,11,7,15,11/7/2015
2015-7-11-51-2,swsp,1,NB,51,2,NB51-02,JG,2015,3,swsp,754,,Secondary,11,7,15,11/7/2015
2015-7-11-51-2,sora,1,NB,51,2,NB51-02,JG,2015,1,sora,d100,y,cryptic,11,7,15,11/7/2015
2015-7-11-51-2,sora,1,NB,51,2,NB51-02,JG,2015,1,sora,d100,n,cryptic,11,7,15,11/7/2015
2015-7-11-51-2,vira,1,NB,51,2,NB51-02,JG,2015,1,vira,d100,n,cryptic,11,7,15,11/7/2015
2015-7-11-51-2,mawr,3,NB,51,2,NB51-02,JG,2015,1,mawr,684,,Secondary,11,7,15,11/7/2015
2015-7-11-51-2,swsp,2,NB,51,2,NB51-02,JG,2015,1,swsp,685,,Secondary,11,7,15,11/7/2015
2015-7-11-51-2,coye,2,NB,51,2,NB51-02,JG,2015,1,coye,686,,Secondary,11,7,15,11/7/2015
2015-7-11-51-2,bwte,1,NB,51,2,NB51-02,JG,2015,1,bwte,687,,Secondary,11,7,15,11/7/2015
2015-7-11-51-2,amwi,2,NB,51,2,NB51-02,JG,2015,1,amwi,688,,Secondary,11,7,15,11/7/2015
2015-7-11-51-2,rwbl,4,NB,51,2,NB51-02,JG,2015,1,rwbl,689,,Secondary,11,7,15,11/7/2015
2015-7-11-51-2,cang,8,NB,51,2,NB51-02,JG,2015,1,cang,690,,Secondary,11,7,15,11/7/2015
2015-7-11-51-2,sosp,1,NB,51,2,NB51-02,JG,2015,1,sosp,691,,Secondary,11,7,15,11/7/2015
2015-7-11-51-3,sora,1,NB,51,3,NB51-03,JG,2015,3,sora,d50,n,cryptic,11,7,11,11/7/2015
2015-7-11-51-3,sora,1,NB,51,3,NB51-03,JG,2015,3,sora,d100,n,cryptic,11,7,11,11/7/2015
2015-7-11-51-3,mawr,5,NB,51,3,NB51-03,JG,2015,3,mawr,755,,Secondary,11,7,11,11/7/2015
2015-7-11-51-3,coye,2,NB,51,3,NB51-03,JG,2015,3,coye,756,,Secondary,11,7,11,11/7/2015
2015-7-11-51-3,sosp,1,NB,51,3,NB51-03,JG,2015,3,sosp,757,,Secondary,11,7,11,11/7/2015
2015-7-11-51-3,sora,1,NB,51,3,NB51-03,JG,2015,1,sora,d100,y,cryptic,11,7,11,11/7/2015
2015-7-11-51-3,ambi,1,NB,51,3,NB51-03,JG,2015,1,ambi,d100,n,cryptic,11,7,11,11/7/2015
2015-7-11-51-3,mawr,4,NB,51,3,NB51-03,JG,2015,1,mawr,692,,Secondary,11,7,11,11/7/2015
2015-7-11-51-3,rwbl,5,NB,51,3,NB51-03,JG,2015,1,rwbl,693,,Secondary,11,7,11,11/7/2015
2015-7-11-51-3,coye,1,NB,51,3,NB51-03,JG,2015,1,coye,694,,Secondary,11,7,11,11/7/2015
2015-7-11-51-4,sora,1,NB,51,4,NB51-04,MM,2015,3,sora,d50,n,cryptic,11,7,14,11/7/2015
2015-7-11-51-4,vira,1,NB,51,4,NB51-04,MM,2015,3,vira,d0,n,cryptic,11,7,14,11/7/2015
2015-7-11-51-4,vira,1,NB,51,4,NB51-04,MM,2015,3,vira,d0,n,cryptic,11,7,14,11/7/2015
2015-7-11-51-4,sora,1,NB,51,4,NB51-04,MM,2015,3,sora,d0,n,cryptic,11,7,14,11/7/2015
2015-7-11-51-4,mawr,5,NB,51,4,NB51-04,MM,2015,3,mawr,758,,Secondary,11,7,14,11/7/2015
2015-7-11-51-4,swsp,1,NB,51,4,NB51-04,MM,2015,3,swsp,759,,Secondary,11,7,14,11/7/2015
2015-7-11-51-4,rwbl,1,NB,51,4,NB51-04,MM,2015,3,rwbl,760,,Secondary,11,7,14,11/7/2015
2015-7-11-51-5,sora,1,NB,51,5,NB51-05,MM,2015,3,sora,d100,y,cryptic,11,7,14,11/7/2015
2015-7-11-51-5,pbgr,1,NB,51,5,NB51-05,MM,2015,3,pbgr,d100,y,cryptic,11,7,14,11/7/2015
2015-7-11-51-5,swsp,2,NB,51,5,NB51-05,MM,2015,3,swsp,761,,Secondary,11,7,14,11/7/2015
2015-7-11-51-5,mawr,3,NB,51,5,NB51-05,MM,2015,3,mawr,762,,Secondary,11,7,14,11/7/2015
2015-7-11-51-5,rwbl,3,NB,51,5,NB51-05,MM,2015,3,rwbl,763,,Secondary,11,7,14,11/7/2015
2015-7-11-51-5,gwte,1,NB,51,5,NB51-05,MM,2015,3,gwte,764,,Secondary,11,7,14,11/7/2015
2015-7-11-51-5,abdu,1,NB,51,5,NB51-05,MM,2015,3,abdu,765,,Secondary,11,7,14,11/7/2015
2015-7-11-51-6,sora,1,NB,51,6,NB51-06,JG,2015,1,sora,d100,n,cryptic,11,7,15,11/7/2015
2015-7-11-51-6,nesp,1,NB,51,6,NB51-06,JG,2015,1,nesp,d50,n,cryptic,11,7,15,11/7/2015
2015-7-11-51-6,sosp,2,NB,51,6,NB51-06,JG,2015,1,sosp,706,,Secondary,11,7,15,11/7/2015
2015-7-11-51-6,swsp,2,NB,51,6,NB51-06,JG,2015,1,swsp,707,,Secondary,11,7,15,11/7/2015
2015-7-11-51-6,rwbl,1,NB,51,6,NB51-06,JG,2015,1,rwbl,708,,Secondary,11,7,15,11/7/2015
2015-7-11-51-6,tres,27,NB,51,6,NB51-06,JG,2015,1,tres,709,,Secondary,11,7,15,11/7/2015
2015-7-11-51-6,yewa,1,NB,51,6,NB51-06,JG,2015,1,yewa,710,,Secondary,11,7,15,11/7/2015
2015-7-11-51-6,coye,3,NB,51,6,NB51-06,JG,2015,1,coye,711,,Secondary,11,7,15,11/7/2015
2015-7-11-51-6,pbgr,1,NB,51,6,NB51-06,JG,2015,3,pbgr,d100,n,cryptic,11,7,15,11/7/2015
2015-7-11-51-6,nesp,1,NB,51,6,NB51-06,JG,2015,3,nesp,d100,n,cryptic,11,7,15,11/7/2015
2015-7-11-51-6,sosp,1,NB,51,6,NB51-06,JG,2015,3,sosp,766,,Secondary,11,7,15,11/7/2015
2015-7-11-51-6,coye,1,NB,51,6,NB51-06,JG,2015,3,coye,767,,Secondary,11,7,15,11/7/2015
2015-7-11-51-6,rwbl,3,NB,51,6,NB51-06,JG,2015,3,rwbl,768,,Secondary,11,7,15,11/7/2015
2015-7-11-51-7,sosp,1,NB,51,7,NB51-07,JG,2015,1,sosp,712,,Secondary,11,7,16,11/7/2015
2015-7-11-51-7,amwi,2,NB,51,7,NB51-07,JG,2015,1,amwi,713,,Secondary,11,7,16,11/7/2015
2015-7-11-51-7,cogr,2,NB,51,7,NB51-07,JG,2015,1,cogr,714,,Secondary,11,7,16,11/7/2015
2015-7-11-51-7,gwte,1,NB,51,7,NB51-07,JG,2015,1,gwte,715,,Secondary,11,7,16,11/7/2015
2015-7-11-51-7,tres,1,NB,51,7,NB51-07,JG,2015,1,tres,716,,Secondary,11,7,16,11/7/2015
2015-7-11-51-7,sosp,1,NB,51,7,NB51-07,JG,2015,3,sosp,769,,Secondary,11,7,16,11/7/2015
2015-7-11-51-7,yewa,3,NB,51,7,NB51-07,JG,2015,3,yewa,770,,Secondary,11,7,16,11/7/2015
2015-7-11-51-8,sora,1,NB,51,8,NB51-08,JG,2015,1,sora,d100,n,cryptic,11,7,15,11/7/2015
2015-7-11-51-8,pbgr,1,NB,51,8,NB51-08,JG,2015,1,pbgr,d100,n,cryptic,11,7,15,11/7/2015
2015-7-11-51-8,tres,15,NB,51,8,NB51-08,JG,2015,1,tres,717,,Secondary,11,7,15,11/7/2015
2015-7-11-51-8,mawr,2,NB,51,8,NB51-08,JG,2015,1,mawr,718,,Secondary,11,7,15,11/7/2015
2015-7-11-51-8,yewa,2,NB,51,8,NB51-08,JG,2015,1,yewa,719,,Secondary,11,7,15,11/7/2015
2015-7-11-51-8,cedw,4,NB,51,8,NB51-08,JG,2015,1,cedw,720,,Secondary,11,7,15,11/7/2015
2015-7-11-51-8,swsp,1,NB,51,8,NB51-08,JG,2015,1,swsp,721,,Secondary,11,7,15,11/7/2015
2015-7-11-51-8,sosp,1,NB,51,8,NB51-08,JG,2015,1,sosp,722,,Secondary,11,7,15,11/7/2015
2015-7-11-51-8,bars,3,NB,51,8,NB51-08,JG,2015,1,bars,723,,Secondary,11,7,15,11/7/2015
2015-7-11-51-8,sora,1,NB,51,8,NB51-08,JG,2015,3,sora,d50,n,cryptic,11,7,15,11/7/2015
2015-7-11-51-8,yewa,2,NB,51,8,NB51-08,JG,2015,3,yewa,771,,Secondary,11,7,15,11/7/2015
2015-7-11-51-8,sosp,1,NB,51,8,NB51-08,JG,2015,3,sosp,772,,Secondary,11,7,15,11/7/2015
2015-7-11-51-8,rwbl,7,NB,51,8,NB51-08,JG,2015,3,rwbl,773,,Secondary,11,7,15,11/7/2015
2015-7-11-51-8,abdu,7,NB,51,8,NB51-08,JG,2015,3,abdu,774,,Secondary,11,7,15,11/7/2015
2015-7-11-51-8,rndu,2,NB,51,8,NB51-08,JG,2015,3,rndu,775,,Secondary,11,7,15,11/7/2015
2015-7-11-51-8,coye,1,NB,51,8,NB51-08,JG,2015,3,coye,776,,Secondary,11,7,15,11/7/2015
2016-5-25-51-1,ambi,1,NB,51,1,NB51-01,AP,2016,1,ambi,d50,n,cryptic,25,5,12,25/5/2016
2016-5-25-51-1,mawr,1,NB,51,1,NB51-01,AP,2016,1,mawr,d100,n,cryptic,25,5,12,25/5/2016
2016-5-25-51-1,rwbl,4,NB,51,1,NB51-01,AP,2016,1,rwbl,777,,Secondary,25,5,12,25/5/2016
2016-5-25-51-1,coye,2,NB,51,1,NB51-01,AP,2016,1,coye,778,,Secondary,25,5,12,25/5/2016
2016-5-25-51-1,amcr,1,NB,51,1,NB51-01,AP,2016,1,amcr,779,,Secondary,25,5,12,25/5/2016
2016-5-25-51-1,deju,1,NB,51,1,NB51-01,AP,2016,1,deju,780,,Secondary,25,5,12,25/5/2016
2016-5-25-51-1,tres,1,NB,51,1,NB51-01,AP,2016,1,tres,781,,Secondary,25,5,12,25/5/2016
2016-5-25-51-1,swsp,1,NB,51,1,NB51-01,AP,2016,1,swsp,782,,Secondary,25,5,12,25/5/2016
2016-5-25-51-1,cang,2,NB,51,1,NB51-01,AP,2016,1,cang,783,,Secondary,25,5,12,25/5/2016
2016-5-25-51-2,ambi,1,NB,51,2,NB51-02,AP,2016,1,ambi,d0,n,cryptic,25,5,14,25/5/2016
2016-5-25-51-2,mawr,1,NB,51,2,NB51-02,AP,2016,1,mawr,d0,n,cryptic,25,5,14,25/5/2016
2016-5-25-51-2,sora,1,NB,51,2,NB51-02,AP,2016,1,sora,d50,n,cryptic,25,5,14,25/5/2016
2016-5-25-51-2,mawr,1,NB,51,2,NB51-02,AP,2016,1,mawr,d100,n,cryptic,25,5,14,25/5/2016
2016-5-25-51-2,mawr,1,NB,51,2,NB51-02,AP,2016,1,mawr,d0,n,cryptic,25,5,14,25/5/2016
2016-5-25-51-2,sora,1,NB,51,2,NB51-02,AP,2016,1,sora,d100,n,cryptic,25,5,14,25/5/2016
2016-5-25-51-2,mawr,1,NB,51,2,NB51-02,AP,2016,1,mawr,d50,n,cryptic,25,5,14,25/5/2016
2016-5-25-51-2,swsp,1,NB,51,2,NB51-02,AP,2016,1,swsp,784,,Secondary,25,5,14,25/5/2016
2016-5-25-51-2,rwbl,7,NB,51,2,NB51-02,AP,2016,1,rwbl,785,,Secondary,25,5,14,25/5/2016
2016-5-25-51-2,yewa,1,NB,51,2,NB51-02,AP,2016,1,yewa,786,,Secondary,25,5,14,25/5/2016
2016-5-25-51-2,coye,1,NB,51,2,NB51-02,AP,2016,1,coye,787,,Secondary,25,5,14,25/5/2016
2016-5-25-51-2,colo,1,NB,51,2,NB51-02,AP,2016,1,colo,788,,Secondary,25,5,14,25/5/2016
2016-5-25-51-2,tres,1,NB,51,2,NB51-02,AP,2016,1,tres,789,,Secondary,25,5,14,25/5/2016
2016-5-25-51-3,mawr,1,NB,51,3,NB51-03,AP,2016,1,mawr,d0,n,cryptic,25,5,14,25/5/2016
2016-5-25-51-3,mawr,1,NB,51,3,NB51-03,AP,2016,1,mawr,d0,n,cryptic,25,5,14,25/5/2016
2016-5-25-51-3,mawr,1,NB,51,3,NB51-03,AP,2016,1,mawr,d0,n,cryptic,25,5,14,25/5/2016
2016-5-25-51-3,sora,1,NB,51,3,NB51-03,AP,2016,1,sora,d0,n,cryptic,25,5,14,25/5/2016
2016-5-25-51-3,mawr,1,NB,51,3,NB51-03,AP,2016,1,mawr,d50,n,cryptic,25,5,14,25/5/2016
2016-5-25-51-3,ambi,1,NB,51,3,NB51-03,AP,2016,1,ambi,d50,n,cryptic,25,5,14,25/5/2016
2016-5-25-51-3,coye,1,NB,51,3,NB51-03,AP,2016,1,coye,790,,Secondary,25,5,14,25/5/2016
2016-5-25-51-3,swsp,1,NB,51,3,NB51-03,AP,2016,1,swsp,791,,Secondary,25,5,14,25/5/2016
2016-5-25-51-3,rwbl,4,NB,51,3,NB51-03,AP,2016,1,rwbl,792,,Secondary,25,5,14,25/5/2016
2016-5-25-51-3,sosp,1,NB,51,3,NB51-03,AP,2016,1,sosp,793,,Secondary,25,5,14,25/5/2016
2016-5-25-51-3,bwte,1,NB,51,3,NB51-03,AP,2016,1,bwte,794,,Secondary,25,5,14,25/5/2016
2016-5-25-51-3,gwte,1,NB,51,3,NB51-03,AP,2016,1,gwte,795,,Secondary,25,5,14,25/5/2016
2016-5-25-51-3,nsho,1,NB,51,3,NB51-03,AP,2016,1,nsho,796,,Secondary,25,5,14,25/5/2016
2016-5-25-51-3,yewa,1,NB,51,3,NB51-03,AP,2016,1,yewa,797,,Secondary,25,5,14,25/5/2016
2016-5-25-51-4,ambi,1,NB,51,4,NB51-04,AP,2016,1,ambi,d0,n,cryptic,25,5,14,25/5/2016
2016-5-25-51-4,mawr,1,NB,51,4,NB51-04,AP,2016,1,mawr,d0,n,cryptic,25,5,14,25/5/2016
2016-5-25-51-4,sora,1,NB,51,4,NB51-04,AP,2016,1,sora,d100,n,cryptic,25,5,14,25/5/2016
2016-5-25-51-4,mawr,1,NB,51,4,NB51-04,AP,2016,1,mawr,d50,n,cryptic,25,5,14,25/5/2016
2016-5-25-51-4,mawr,1,NB,51,4,NB51-04,AP,2016,1,mawr,d50,n,cryptic,25,5,14,25/5/2016
2016-5-25-51-4,mawr,1,NB,51,4,NB51-04,AP,2016,1,mawr,d0,n,cryptic,25,5,14,25/5/2016
2016-5-25-51-4,yewa,1,NB,51,4,NB51-04,AP,2016,1,yewa,798,,Secondary,25,5,14,25/5/2016
2016-5-25-51-4,gwte,1,NB,51,4,NB51-04,AP,2016,1,gwte,799,,Secondary,25,5,14,25/5/2016
2016-5-25-51-4,coye,2,NB,51,4,NB51-04,AP,2016,1,coye,800,,Secondary,25,5,14,25/5/2016
2016-5-25-51-4,rwbl,4,NB,51,4,NB51-04,AP,2016,1,rwbl,801,,Secondary,25,5,14,25/5/2016
2016-5-25-51-4,swsp,3,NB,51,4,NB51-04,AP,2016,1,swsp,802,,Secondary,25,5,14,25/5/2016
2016-5-25-51-5,ambi,1,NB,51,5,NB51-05,AP,2016,1,ambi,d50,n,cryptic,25,5,15,25/5/2016
2016-5-25-51-5,mawr,1,NB,51,5,NB51-05,AP,2016,1,mawr,d50,n,cryptic,25,5,15,25/5/2016
2016-5-25-51-5,mawr,1,NB,51,5,NB51-05,AP,2016,1,mawr,d0,n,cryptic,25,5,15,25/5/2016
2016-5-25-51-5,sora,1,NB,51,5,NB51-05,AP,2016,1,sora,d50,n,cryptic,25,5,15,25/5/2016
2016-5-25-51-5,swsp,1,NB,51,5,NB51-05,AP,2016,1,swsp,803,,Secondary,25,5,15,25/5/2016
2016-5-25-51-5,rwbl,7,NB,51,5,NB51-05,AP,2016,1,rwbl,804,,Secondary,25,5,15,25/5/2016
2016-5-25-51-5,coye,2,NB,51,5,NB51-05,AP,2016,1,coye,805,,Secondary,25,5,15,25/5/2016
2016-5-25-51-5,cang,2,NB,51,5,NB51-05,AP,2016,1,cang,806,,Secondary,25,5,15,25/5/2016
2016-5-25-51-5,tres,1,NB,51,5,NB51-05,AP,2016,1,tres,807,,Secondary,25,5,15,25/5/2016
2016-5-25-51-5,wtsp,1,NB,51,5,NB51-05,AP,2016,1,wtsp,808,,Secondary,25,5,15,25/5/2016
2016-5-25-51-5,rubl,1,NB,51,5,NB51-05,AP,2016,1,rubl,809,,Secondary,25,5,15,25/5/2016
2016-5-25-51-5,cogr,1,NB,51,5,NB51-05,AP,2016,1,cogr,810,,Secondary,25,5,15,25/5/2016
2016-5-25-51-6,mawr,1,NB,51,6,NB51-06,AP,2016,1,mawr,d100,n,cryptic,25,5,18,25/5/2016
2016-5-25-51-6,ambi,1,NB,51,6,NB51-06,AP,2016,1,ambi,d100,n,cryptic,25,5,18,25/5/2016
2016-5-25-51-6,coye,4,NB,51,6,NB51-06,AP,2016,1,coye,811,,Secondary,25,5,18,25/5/2016
2016-5-25-51-6,sosp,1,NB,51,6,NB51-06,AP,2016,1,sosp,812,,Secondary,25,5,18,25/5/2016
2016-5-25-51-6,yewa,2,NB,51,6,NB51-06,AP,2016,1,yewa,813,,Secondary,25,5,18,25/5/2016
2016-5-25-51-6,tres,5,NB,51,6,NB51-06,AP,2016,1,tres,814,,Secondary,25,5,18,25/5/2016
2016-5-25-51-6,mall,1,NB,51,6,NB51-06,AP,2016,1,mall,815,,Secondary,25,5,18,25/5/2016
2016-5-25-51-6,rwbl,2,NB,51,6,NB51-06,AP,2016,1,rwbl,816,,Secondary,25,5,18,25/5/2016
2016-5-25-51-7,nsho,1,NB,51,7,NB51-07,AP,2016,1,nsho,826,,Secondary,25,5,21,25/5/2016
2016-5-25-51-7,yewa,1,NB,51,7,NB51-07,AP,2016,1,yewa,827,,Secondary,25,5,21,25/5/2016
2016-5-25-51-7,amwi,2,NB,51,7,NB51-07,AP,2016,1,amwi,828,,Secondary,25,5,21,25/5/2016
2016-5-25-51-7,sosp,2,NB,51,7,NB51-07,AP,2016,1,sosp,829,,Secondary,25,5,21,25/5/2016
2016-5-25-51-7,coye,2,NB,51,7,NB51-07,AP,2016,1,coye,830,,Secondary,25,5,21,25/5/2016
2016-5-25-51-7,cang,5,NB,51,7,NB51-07,AP,2016,1,cang,831,,Secondary,25,5,21,25/5/2016
2016-5-25-51-7,tres,1,NB,51,7,NB51-07,AP,2016,1,tres,832,,Secondary,25,5,21,25/5/2016
2016-5-25-51-7,mall,2,NB,51,7,NB51-07,AP,2016,1,mall,833,,Secondary,25,5,21,25/5/2016
2016-5-25-51-8,mawr,1,NB,51,8,NB51-08,AP,2016,1,mawr,d50,n,cryptic,25,5,19,25/5/2016
2016-5-25-51-8,ambi,1,NB,51,8,NB51-08,AP,2016,1,ambi,d50,n,cryptic,25,5,19,25/5/2016
2016-5-25-51-8,sora,1,NB,51,8,NB51-08,AP,2016,1,sora,d100,n,cryptic,25,5,19,25/5/2016
2016-5-25-51-8,pbgr,1,NB,51,8,NB51-08,AP,2016,1,pbgr,d50,n,cryptic,25,5,19,25/5/2016
2016-5-25-51-8,mawr,1,NB,51,8,NB51-08,AP,2016,1,mawr,d50,n,cryptic,25,5,19,25/5/2016
2016-5-25-51-8,cang,1,NB,51,8,NB51-08,AP,2016,1,cang,817,,Secondary,25,5,19,25/5/2016
2016-5-25-51-8,rwbl,10,NB,51,8,NB51-08,AP,2016,1,rwbl,818,,Secondary,25,5,19,25/5/2016
2016-5-25-51-8,yewa,1,NB,51,8,NB51-08,AP,2016,1,yewa,819,,Secondary,25,5,19,25/5/2016
2016-5-25-51-8,amcr,2,NB,51,8,NB51-08,AP,2016,1,amcr,820,,Secondary,25,5,19,25/5/2016
2016-5-25-51-8,cogr,1,NB,51,8,NB51-08,AP,2016,1,cogr,821,,Secondary,25,5,19,25/5/2016
2016-5-25-51-8,come,1,NB,51,8,NB51-08,AP,2016,1,come,822,,Secondary,25,5,19,25/5/2016
2016-5-25-51-9,cang,14,NB,51,9,NB51-09,AP,2016,1,cang,823,,Secondary,25,5,17,25/5/2016
2016-5-25-51-9,bars,2,NB,51,9,NB51-09,AP,2016,1,bars,824,,Secondary,25,5,17,25/5/2016
2016-5-25-51-9,amcr,2,NB,51,9,NB51-09,AP,2016,1,amcr,825,,Secondary,25,5,17,25/5/2016
2016-6-10-51-1,ambi,1,NB,51,1,NB51-01,AP,2016,2,ambi,d50,n,cryptic,10,6,8,10/6/2016
2016-6-10-51-1,pbgr,1,NB,51,1,NB51-01,AP,2016,2,pbgr,d100,n,cryptic,10,6,8,10/6/2016
2016-6-10-51-1,mawr,1,NB,51,1,NB51-01,AP,2016,2,mawr,d100,n,cryptic,10,6,8,10/6/2016
2016-6-10-51-1,coye,3,NB,51,1,NB51-01,AP,2016,2,coye,834,,Secondary,10,6,8,10/6/2016
2016-6-10-51-1,rwbl,3,NB,51,1,NB51-01,AP,2016,2,rwbl,835,,Secondary,10,6,8,10/6/2016
2016-6-10-51-1,heth,1,NB,51,1,NB51-01,AP,2016,2,heth,836,,Secondary,10,6,8,10/6/2016
2016-6-10-51-1,oven,1,NB,51,1,NB51-01,AP,2016,2,oven,837,,Secondary,10,6,8,10/6/2016
2016-6-10-51-1,sosp,1,NB,51,1,NB51-01,AP,2016,2,sosp,838,,Secondary,10,6,8,10/6/2016
2016-6-10-51-2,lebi,1,NB,51,2,NB51-02,AP,2016,2,lebi,d50,n,cryptic,10,6,8,10/6/2016
2016-6-10-51-2,sora,1,NB,51,2,NB51-02,AP,2016,2,sora,d100,n,cryptic,10,6,8,10/6/2016
2016-6-10-51-2,ambi,1,NB,51,2,NB51-02,AP,2016,2,ambi,d0,n,cryptic,10,6,8,10/6/2016
2016-6-10-51-2,mawr,1,NB,51,2,NB51-02,AP,2016,2,mawr,d50,n,cryptic,10,6,8,10/6/2016
2016-6-10-51-2,mawr,1,NB,51,2,NB51-02,AP,2016,2,mawr,d50,n,cryptic,10,6,8,10/6/2016
2016-6-10-51-2,pbgr,1,NB,51,2,NB51-02,AP,2016,2,pbgr,d50,n,cryptic,10,6,8,10/6/2016
2016-6-10-51-2,sora,1,NB,51,2,NB51-02,AP,2016,2,sora,d50,n,cryptic,10,6,8,10/6/2016
2016-6-10-51-2,sora,1,NB,51,2,NB51-02,AP,2016,2,sora,d50,n,cryptic,10,6,8,10/6/2016
2016-6-10-51-2,vira,1,NB,51,2,NB51-02,AP,2016,2,vira,d100,n,cryptic,10,6,8,10/6/2016
2016-6-10-51-2,yewa,2,NB,51,2,NB51-02,AP,2016,2,yewa,839,,Secondary,10,6,8,10/6/2016
2016-6-10-51-2,cogr,2,NB,51,2,NB51-02,AP,2016,2,cogr,840,,Secondary,10,6,8,10/6/2016
2016-6-10-51-2,rwbl,1,NB,51,2,NB51-02,AP,2016,2,rwbl,841,,Secondary,10,6,8,10/6/2016
2016-6-10-51-2,swsp,1,NB,51,2,NB51-02,AP,2016,2,swsp,842,,Secondary,10,6,8,10/6/2016
2016-6-10-51-2,sosp,1,NB,51,2,NB51-02,AP,2016,2,sosp,843,,Secondary,10,6,8,10/6/2016
2016-6-10-51-3,mawr,1,NB,51,3,NB51-03,AP,2016,2,mawr,d0,n,cryptic,10,6,8,10/6/2016
2016-6-10-51-3,ambi,1,NB,51,3,NB51-03,AP,2016,2,ambi,d50,n,cryptic,10,6,8,10/6/2016
2016-6-10-51-3,sora,1,NB,51,3,NB51-03,AP,2016,2,sora,d0,n,cryptic,10,6,8,10/6/2016
2016-6-10-51-3,sora,1,NB,51,3,NB51-03,AP,2016,2,sora,d50,n,cryptic,10,6,8,10/6/2016
2016-6-10-51-3,mawr,1,NB,51,3,NB51-03,AP,2016,2,mawr,d0,n,cryptic,10,6,8,10/6/2016
2016-6-10-51-3,sora,1,NB,51,3,NB51-03,AP,2016,2,sora,d0,n,cryptic,10,6,8,10/6/2016
2016-6-10-51-3,swsp,1,NB,51,3,NB51-03,AP,2016,2,swsp,844,,Secondary,10,6,8,10/6/2016
2016-6-10-51-3,coye,2,NB,51,3,NB51-03,AP,2016,2,coye,845,,Secondary,10,6,8,10/6/2016
2016-6-10-51-3,sosp,2,NB,51,3,NB51-03,AP,2016,2,sosp,846,,Secondary,10,6,8,10/6/2016
2016-6-10-51-3,rwbl,5,NB,51,3,NB51-03,AP,2016,2,rwbl,847,,Secondary,10,6,8,10/6/2016
2016-6-10-51-3,yewa,1,NB,51,3,NB51-03,AP,2016,2,yewa,848,,Secondary,10,6,8,10/6/2016
2016-6-10-51-3,cang,1,NB,51,3,NB51-03,AP,2016,2,cang,849,,Secondary,10,6,8,10/6/2016
2016-6-10-51-3,cogr,1,NB,51,3,NB51-03,AP,2016,2,cogr,850,,Secondary,10,6,8,10/6/2016
2016-6-10-51-4,ambi,1,NB,51,4,NB51-04,AP,2016,2,ambi,d50,n,cryptic,10,6,9,10/6/2016
2016-6-10-51-4,mawr,1,NB,51,4,NB51-04,AP,2016,2,mawr,d0,n,cryptic,10,6,9,10/6/2016
2016-6-10-51-4,mawr,1,NB,51,4,NB51-04,AP,2016,2,mawr,d50,n,cryptic,10,6,9,10/6/2016
2016-6-10-51-4,mawr,1,NB,51,4,NB51-04,AP,2016,2,mawr,d0,n,cryptic,10,6,9,10/6/2016
2016-6-10-51-4,mawr,1,NB,51,4,NB51-04,AP,2016,2,mawr,d50,n,cryptic,10,6,9,10/6/2016
2016-6-10-51-4,sora,1,NB,51,4,NB51-04,AP,2016,2,sora,d0,n,cryptic,10,6,9,10/6/2016
2016-6-10-51-4,rwbl,4,NB,51,4,NB51-04,AP,2016,2,rwbl,851,,Secondary,10,6,9,10/6/2016
2016-6-10-51-4,coye,3,NB,51,4,NB51-04,AP,2016,2,coye,852,,Secondary,10,6,9,10/6/2016
2016-6-10-51-4,swsp,1,NB,51,4,NB51-04,AP,2016,2,swsp,853,,Secondary,10,6,9,10/6/2016
2016-6-10-51-4,yewa,1,NB,51,4,NB51-04,AP,2016,2,yewa,854,,Secondary,10,6,9,10/6/2016
2016-6-10-51-5,mawr,1,NB,51,5,NB51-05,AP,2016,2,mawr,d0,n,cryptic,10,6,9,10/6/2016
2016-6-10-51-5,mawr,1,NB,51,5,NB51-05,AP,2016,2,mawr,d0,n,cryptic,10,6,9,10/6/2016
2016-6-10-51-5,ambi,1,NB,51,5,NB51-05,AP,2016,2,ambi,d50,n,cryptic,10,6,9,10/6/2016
2016-6-10-51-5,vira,1,NB,51,5,NB51-05,AP,2016,2,vira,d100,n,cryptic,10,6,9,10/6/2016
2016-6-10-51-5,sora,1,NB,51,5,NB51-05,AP,2016,2,sora,d100,n,cryptic,10,6,9,10/6/2016
2016-6-10-51-5,pbgr,1,NB,51,5,NB51-05,AP,2016,2,pbgr,d50,y,cryptic,10,6,9,10/6/2016
2016-6-10-51-5,coye,2,NB,51,5,NB51-05,AP,2016,2,coye,855,,Secondary,10,6,9,10/6/2016
2016-6-10-51-5,swsp,1,NB,51,5,NB51-05,AP,2016,2,swsp,856,,Secondary,10,6,9,10/6/2016
2016-6-10-51-5,abdu,1,NB,51,5,NB51-05,AP,2016,2,abdu,857,,Secondary,10,6,9,10/6/2016
2016-6-10-51-5,rwbl,2,NB,51,5,NB51-05,AP,2016,2,rwbl,858,,Secondary,10,6,9,10/6/2016
2016-6-10-51-5,nofl,1,NB,51,5,NB51-05,AP,2016,2,nofl,859,,Secondary,10,6,9,10/6/2016
2016-6-10-51-5,gbbg,1,NB,51,5,NB51-05,AP,2016,2,gbbg,860,,Secondary,10,6,9,10/6/2016
2016-6-10-51-5,mall,1,NB,51,5,NB51-05,AP,2016,2,mall,861,,Secondary,10,6,9,10/6/2016
2016-6-10-51-6,mawr,1,NB,51,6,NB51-06,AP,2016,2,mawr,d50,n,cryptic,10,6,9,10/6/2016
2016-6-10-51-6,ambi,1,NB,51,6,NB51-06,AP,2016,2,ambi,d50,n,cryptic,10,6,9,10/6/2016
2016-6-10-51-6,nesp,1,NB,51,6,NB51-06,AP,2016,2,nesp,d0,n,cryptic,10,6,9,10/6/2016
2016-6-10-51-6,coye,1,NB,51,6,NB51-06,AP,2016,2,coye,862,,Secondary,10,6,9,10/6/2016
2016-6-10-51-6,sosp,1,NB,51,6,NB51-06,AP,2016,2,sosp,863,,Secondary,10,6,9,10/6/2016
2016-6-10-51-6,rwbl,4,NB,51,6,NB51-06,AP,2016,2,rwbl,864,,Secondary,10,6,9,10/6/2016
2016-6-10-51-6,tres,1,NB,51,6,NB51-06,AP,2016,2,tres,865,,Secondary,10,6,9,10/6/2016
2016-6-10-51-6,yewa,1,NB,51,6,NB51-06,AP,2016,2,yewa,866,,Secondary,10,6,9,10/6/2016
2016-6-10-51-6,swsp,1,NB,51,6,NB51-06,AP,2016,2,swsp,867,,Secondary,10,6,9,10/6/2016
2016-6-10-51-7,nesp,1,NB,51,7,NB51-07,AP,2016,2,nesp,d50,n,cryptic,10,6,14,10/6/2016
2016-6-10-51-7,nopa,1,NB,51,7,NB51-07,AP,2016,2,nopa,879,,Secondary,10,6,14,10/6/2016
2016-6-10-51-7,coye,2,NB,51,7,NB51-07,AP,2016,2,coye,880,,Secondary,10,6,14,10/6/2016
2016-6-10-51-7,amwi,2,NB,51,7,NB51-07,AP,2016,2,amwi,881,,Secondary,10,6,14,10/6/2016
2016-6-10-51-7,tres,2,NB,51,7,NB51-07,AP,2016,2,tres,882,,Secondary,10,6,14,10/6/2016
2016-6-10-51-7,yewa,1,NB,51,7,NB51-07,AP,2016,2,yewa,883,,Secondary,10,6,14,10/6/2016
2016-6-10-51-7,amcr,1,NB,51,7,NB51-07,AP,2016,2,amcr,884,,Secondary,10,6,14,10/6/2016
2016-6-10-51-8,pbgr,1,NB,51,8,NB51-08,AP,2016,2,pbgr,d50,y,cryptic,10,6,10,10/6/2016
2016-6-10-51-8,ambi,1,NB,51,8,NB51-08,AP,2016,2,ambi,d50,n,cryptic,10,6,10,10/6/2016
2016-6-10-51-8,sora,1,NB,51,8,NB51-08,AP,2016,2,sora,d100,n,cryptic,10,6,10,10/6/2016
2016-6-10-51-8,coye,1,NB,51,8,NB51-08,AP,2016,2,coye,868,,Secondary,10,6,10,10/6/2016
2016-6-10-51-8,rwbl,6,NB,51,8,NB51-08,AP,2016,2,rwbl,869,,Secondary,10,6,10,10/6/2016
2016-6-10-51-8,bars,2,NB,51,8,NB51-08,AP,2016,2,bars,870,,Secondary,10,6,10,10/6/2016
2016-6-10-51-8,tres,3,NB,51,8,NB51-08,AP,2016,2,tres,871,,Secondary,10,6,10,10/6/2016
2016-6-10-51-8,sosp,1,NB,51,8,NB51-08,AP,2016,2,sosp,872,,Secondary,10,6,10,10/6/2016
2016-6-10-51-8,amcr,3,NB,51,8,NB51-08,AP,2016,2,amcr,873,,Secondary,10,6,10,10/6/2016
2016-6-10-51-8,cogr,2,NB,51,8,NB51-08,AP,2016,2,cogr,874,,Secondary,10,6,10,10/6/2016
2016-6-10-51-8,bans,1,NB,51,8,NB51-08,AP,2016,2,bans,875,,Secondary,10,6,10,10/6/2016
2016-6-10-51-9,nesp,1,NB,51,9,NB51-09,AP,2016,2,nesp,d0,n,cryptic,10,6,10,10/6/2016
2016-6-10-51-9,nesp,1,NB,51,9,NB51-09,AP,2016,2,nesp,d0,n,cryptic,10,6,10,10/6/2016
2016-6-10-51-9,nesp,1,NB,51,9,NB51-09,AP,2016,2,nesp,d50,n,cryptic,10,6,10,10/6/2016
2016-6-10-51-9,amcr,1,NB,51,9,NB51-09,AP,2016,2,amcr,876,,Secondary,10,6,10,10/6/2016
2016-6-10-51-9,tres,1,NB,51,9,NB51-09,AP,2016,2,tres,877,,Secondary,10,6,10,10/6/2016
2016-6-10-51-9,rwbl,1,NB,51,9,NB51-09,AP,2016,2,rwbl,878,,Secondary,10,6,10,10/6/2016
2016-6-24-51-1,ambi,1,NB,51,1,NB51-01,AP,2016,3,ambi,d0,n,cryptic,24,6,5,24/6/2016
2016-6-24-51-1,nesp,1,NB,51,1,NB51-01,AP,2016,3,nesp,d0,n,cryptic,24,6,5,24/6/2016
2016-6-24-51-1,sora,1,NB,51,1,NB51-01,AP,2016,3,sora,d50,n,cryptic,24,6,5,24/6/2016
2016-6-24-51-1,pbgr,1,NB,51,1,NB51-01,AP,2016,3,pbgr,d100,n,cryptic,24,6,5,24/6/2016
2016-6-24-51-1,heth,1,NB,51,1,NB51-01,AP,2016,3,heth,885,,Secondary,24,6,10,24/6/2016
2016-6-24-51-1,amwi,2,NB,51,1,NB51-01,AP,2016,3,amwi,886,,Secondary,24,6,10,24/6/2016
2016-6-24-51-1,rwbl,2,NB,51,1,NB51-01,AP,2016,3,rwbl,887,,Secondary,24,6,10,24/6/2016
2016-6-24-51-1,coye,3,NB,51,1,NB51-01,AP,2016,3,coye,888,,Secondary,24,6,10,24/6/2016
2016-6-24-51-1,revi,1,NB,51,1,NB51-01,AP,2016,3,revi,889,,Secondary,24,6,10,24/6/2016
2016-6-24-51-1,abdu,1,NB,51,1,NB51-01,AP,2016,3,abdu,890,,Secondary,24,6,10,24/6/2016
2016-6-24-51-2,ambi,1,NB,51,2,NB51-02,AP,2016,3,ambi,d0,n,cryptic,24,6,10,24/6/2016
2016-6-24-51-2,mawr,1,NB,51,2,NB51-02,AP,2016,3,mawr,d0,n,cryptic,24,6,10,24/6/2016
2016-6-24-51-2,mawr,1,NB,51,2,NB51-02,AP,2016,3,mawr,d50,n,cryptic,24,6,10,24/6/2016
2016-6-24-51-2,sora,1,NB,51,2,NB51-02,AP,2016,3,sora,d50,n,cryptic,24,6,10,24/6/2016
2016-6-24-51-2,sora,1,NB,51,2,NB51-02,AP,2016,3,sora,d100,n,cryptic,24,6,10,24/6/2016
2016-6-24-51-2,sora,1,NB,51,2,NB51-02,AP,2016,3,sora,d0,n,cryptic,24,6,10,24/6/2016
2016-6-24-51-2,mawr,1,NB,51,2,NB51-02,AP,2016,3,mawr,d50,n,cryptic,24,6,10,24/6/2016
2016-6-24-51-2,mawr,1,NB,51,2,NB51-02,AP,2016,3,mawr,d50,n,cryptic,24,6,10,24/6/2016
2016-6-24-51-2,vira,1,NB,51,2,NB51-02,AP,2016,3,vira,d50,n,cryptic,24,6,10,24/6/2016
2016-6-24-51-2,vira,1,NB,51,2,NB51-02,AP,2016,3,vira,d50,n,cryptic,24,6,10,24/6/2016
2016-6-24-51-2,rwbl,6,NB,51,2,NB51-02,AP,2016,3,rwbl,891,,Secondary,24,6,10,24/6/2016
2016-6-24-51-2,yewa,1,NB,51,2,NB51-02,AP,2016,3,yewa,892,,Secondary,24,6,10,24/6/2016
2016-6-24-51-2,gwte,1,NB,51,2,NB51-02,AP,2016,3,gwte,893,,Secondary,24,6,10,24/6/2016
2016-6-24-51-2,cogr,1,NB,51,2,NB51-02,AP,2016,3,cogr,894,,Secondary,24,6,10,24/6/2016
2016-6-24-51-2,swsp,1,NB,51,2,NB51-02,AP,2016,3,swsp,895,,Secondary,24,6,10,24/6/2016
2016-6-24-51-3,nesp,1,NB,51,3,NB51-03,AP,2016,3,nesp,d50,n,cryptic,24,6,10,24/6/2016
2016-6-24-51-3,mawr,1,NB,51,3,NB51-03,AP,2016,3,mawr,d50,n,cryptic,24,6,10,24/6/2016
2016-6-24-51-3,mawr,1,NB,51,3,NB51-03,AP,2016,3,mawr,d0,n,cryptic,24,6,10,24/6/2016
2016-6-24-51-3,ambi,1,NB,51,3,NB51-03,AP,2016,3,ambi,d50,n,cryptic,24,6,10,24/6/2016
2016-6-24-51-3,sora,1,NB,51,3,NB51-03,AP,2016,3,sora,d100,n,cryptic,24,6,10,24/6/2016
2016-6-24-51-3,mawr,1,NB,51,3,NB51-03,AP,2016,3,mawr,d0,n,cryptic,24,6,10,24/6/2016
2016-6-24-51-3,mawr,1,NB,51,3,NB51-03,AP,2016,3,mawr,d0,n,cryptic,24,6,10,24/6/2016
2016-6-24-51-3,sora,1,NB,51,3,NB51-03,AP,2016,3,sora,d0,n,cryptic,24,6,10,24/6/2016
2016-6-24-51-3,ambi,1,NB,51,3,NB51-03,AP,2016,3,ambi,d0,n,cryptic,24,6,10,24/6/2016
2016-6-24-51-3,coye,1,NB,51,3,NB51-03,AP,2016,3,coye,896,,Secondary,24,6,10,24/6/2016
2016-6-24-51-3,sosp,2,NB,51,3,NB51-03,AP,2016,3,sosp,897,,Secondary,24,6,10,24/6/2016
2016-6-24-51-3,rwbl,2,NB,51,3,NB51-03,AP,2016,3,rwbl,898,,Secondary,24,6,10,24/6/2016
2016-6-24-51-3,yewa,1,NB,51,3,NB51-03,AP,2016,3,yewa,899,,Secondary,24,6,10,24/6/2016
2016-6-24-51-3,swsp,1,NB,51,3,NB51-03,AP,2016,3,swsp,900,,Secondary,24,6,10,24/6/2016
2016-6-24-51-4,mawr,1,NB,51,4,NB51-04,AP,2016,3,mawr,d0,n,cryptic,24,6,10,24/6/2016
2016-6-24-51-4,mawr,1,NB,51,4,NB51-04,AP,2016,3,mawr,d50,n,cryptic,24,6,10,24/6/2016
2016-6-24-51-4,mawr,1,NB,51,4,NB51-04,AP,2016,3,mawr,d50,n,cryptic,24,6,10,24/6/2016
2016-6-24-51-4,mawr,1,NB,51,4,NB51-04,AP,2016,3,mawr,d50,n,cryptic,24,6,10,24/6/2016
2016-6-24-51-4,mawr,1,NB,51,4,NB51-04,AP,2016,3,mawr,d50,n,cryptic,24,6,10,24/6/2016
2016-6-24-51-4,swsp,3,NB,51,4,NB51-04,AP,2016,3,swsp,901,,Secondary,24,6,10,24/6/2016
2016-6-24-51-4,coye,1,NB,51,4,NB51-04,AP,2016,3,coye,902,,Secondary,24,6,10,24/6/2016
2016-6-24-51-4,rwbl,4,NB,51,4,NB51-04,AP,2016,3,rwbl,903,,Secondary,24,6,10,24/6/2016
2016-6-24-51-5,mawr,1,NB,51,5,NB51-05,AP,2016,3,mawr,d0,n,cryptic,24,6,10,24/6/2016
2016-6-24-51-5,mawr,1,NB,51,5,NB51-05,AP,2016,3,mawr,d50,n,cryptic,24,6,10,24/6/2016
2016-6-24-51-5,ambi,1,NB,51,5,NB51-05,AP,2016,3,ambi,d50,n,cryptic,24,6,10,24/6/2016
2016-6-24-51-5,coye,2,NB,51,5,NB51-05,AP,2016,3,coye,904,,Secondary,24,6,10,24/6/2016
2016-6-24-51-5,yewa,1,NB,51,5,NB51-05,AP,2016,3,yewa,905,,Secondary,24,6,10,24/6/2016
2016-6-24-51-5,rwbl,1,NB,51,5,NB51-05,AP,2016,3,rwbl,906,,Secondary,24,6,10,24/6/2016
2016-6-24-51-5,abdu,3,NB,51,5,NB51-05,AP,2016,3,abdu,907,,Secondary,24,6,10,24/6/2016
2016-6-24-51-5,swsp,1,NB,51,5,NB51-05,AP,2016,3,swsp,908,,Secondary,24,6,10,24/6/2016
2016-6-24-51-5,amcr,1,NB,51,5,NB51-05,AP,2016,3,amcr,909,,Secondary,24,6,10,24/6/2016
2016-6-24-51-5,wodu,1,NB,51,5,NB51-05,AP,2016,3,wodu,910,,Secondary,24,6,10,24/6/2016
2016-6-24-51-5,cogr,2,NB,51,5,NB51-05,AP,2016,3,cogr,911,,Secondary,24,6,10,24/6/2016
2016-6-24-51-5,bcch,1,NB,51,5,NB51-05,AP,2016,3,bcch,912,,Secondary,24,6,10,24/6/2016
2016-6-24-51-6,nesp,1,NB,51,6,NB51-06,AP,2016,3,nesp,d0,n,cryptic,24,6,10,24/6/2016
2016-6-24-51-6,mawr,1,NB,51,6,NB51-06,AP,2016,3,mawr,d50,n,cryptic,24,6,10,24/6/2016
2016-6-24-51-6,nesp,1,NB,51,6,NB51-06,AP,2016,3,nesp,d50,n,cryptic,24,6,10,24/6/2016
2016-6-24-51-6,nesp,1,NB,51,6,NB51-06,AP,2016,3,nesp,d0,n,cryptic,24,6,10,24/6/2016
2016-6-24-51-6,sosp,1,NB,51,6,NB51-06,AP,2016,3,sosp,913,,Secondary,24,6,10,24/6/2016
2016-6-24-51-6,coye,2,NB,51,6,NB51-06,AP,2016,3,coye,914,,Secondary,24,6,10,24/6/2016
2016-6-24-51-6,rwbl,1,NB,51,6,NB51-06,AP,2016,3,rwbl,915,,Secondary,24,6,10,24/6/2016
2016-6-24-51-6,mall,1,NB,51,6,NB51-06,AP,2016,3,mall,916,,Secondary,24,6,10,24/6/2016
2016-6-24-51-6,yewa,3,NB,51,6,NB51-06,AP,2016,3,yewa,917,,Secondary,24,6,10,24/6/2016
2016-6-24-51-7,nesp,1,NB,51,7,NB51-07,AP,2016,3,nesp,d50,n,cryptic,24,6,13,24/6/2016
2016-6-24-51-7,nesp,1,NB,51,7,NB51-07,AP,2016,3,nesp,d50,n,cryptic,24,6,13,24/6/2016
2016-6-24-51-7,nesp,1,NB,51,7,NB51-07,AP,2016,3,nesp,d50,n,cryptic,24,6,13,24/6/2016
2016-6-24-51-7,nesp,1,NB,51,7,NB51-07,AP,2016,3,nesp,d0,n,cryptic,24,6,13,24/6/2016
2016-6-24-51-7,yewa,1,NB,51,7,NB51-07,AP,2016,3,yewa,927,,Secondary,24,6,13,24/6/2016
2016-6-24-51-7,amwi,2,NB,51,7,NB51-07,AP,2016,3,amwi,928,,Secondary,24,6,13,24/6/2016
2016-6-24-51-7,sosp,2,NB,51,7,NB51-07,AP,2016,3,sosp,929,,Secondary,24,6,13,24/6/2016
2016-6-24-51-8,mawr,1,NB,51,8,NB51-08,AP,2016,3,mawr,d50,n,cryptic,24,6,14,24/6/2016
2016-6-24-51-8,mawr,1,NB,51,8,NB51-08,AP,2016,3,mawr,d50,n,cryptic,24,6,14,24/6/2016
2016-6-24-51-8,mawr,1,NB,51,8,NB51-08,AP,2016,3,mawr,d50,n,cryptic,24,6,14,24/6/2016
2016-6-24-51-8,mawr,1,NB,51,8,NB51-08,AP,2016,3,mawr,d50,n,cryptic,24,6,14,24/6/2016
2016-6-24-51-8,coye,2,NB,51,8,NB51-08,AP,2016,3,coye,918,,Secondary,24,6,14,24/6/2016
2016-6-24-51-8,rwbl,4,NB,51,8,NB51-08,AP,2016,3,rwbl,919,,Secondary,24,6,14,24/6/2016
2016-6-24-51-8,yewa,1,NB,51,8,NB51-08,AP,2016,3,yewa,920,,Secondary,24,6,14,24/6/2016
2016-6-24-51-8,sosp,1,NB,51,8,NB51-08,AP,2016,3,sosp,921,,Secondary,24,6,14,24/6/2016
2016-6-24-51-8,cogr,1,NB,51,8,NB51-08,AP,2016,3,cogr,922,,Secondary,24,6,14,24/6/2016
2016-6-24-51-8,amcr,1,NB,51,8,NB51-08,AP,2016,3,amcr,923,,Secondary,24,6,14,24/6/2016
2016-6-24-51-9,nesp,1,NB,51,9,NB51-09,AP,2016,3,nesp,d0,n,cryptic,24,6,18,24/6/2016
2016-6-24-51-9,nesp,1,NB,51,9,NB51-09,AP,2016,3,nesp,d0,n,cryptic,24,6,18,24/6/2016
2016-6-24-51-9,nesp,1,NB,51,9,NB51-09,AP,2016,3,nesp,d50,n,cryptic,24,6,18,24/6/2016
2016-6-24-51-9,nesp,1,NB,51,9,NB51-09,AP,2016,3,nesp,d50,n,cryptic,24,6,18,24/6/2016
2016-6-24-51-9,nesp,1,NB,51,9,NB51-09,AP,2016,3,nesp,d50,n,cryptic,24,6,18,24/6/2016
2016-6-24-51-9,amcr,1,NB,51,9,NB51-09,AP,2016,3,amcr,924,,Secondary,24,6,18,24/6/2016
2016-6-24-51-9,rwbl,4,NB,51,9,NB51-09,AP,2016,3,rwbl,925,,Secondary,24,6,18,24/6/2016
2016-6-24-51-9,tres,3,NB,51,9,NB51-09,AP,2016,3,tres,926,,Secondary,24,6,18,24/6/2016
2017-5-17-51-1,ambi,1,NB,51,1,NB51-01,SB,2017,1,ambi,d0,n,cryptic,17,5,9,17/5/2017
2017-5-17-51-1,sora,1,NB,51,1,NB51-01,SB,2017,1,sora,d50,n,cryptic,17,5,9,17/5/2017
2017-5-17-51-1,nesp,1,NB,51,1,NB51-01,SB,2017,1,nesp,d0,n,cryptic,17,5,9,17/5/2017
2017-5-17-51-1,cang,2,NB,51,1,NB51-01,SB,2017,1,cang,934,,Secondary,17,5,9,17/5/2017
2017-5-17-51-1,rwbl,4,NB,51,1,NB51-01,SB,2017,1,rwbl,935,,Secondary,17,5,9,17/5/2017
2017-5-17-51-1,swsp,3,NB,51,1,NB51-01,SB,2017,1,swsp,936,,Secondary,17,5,9,17/5/2017
2017-5-17-51-1,rndu,2,NB,51,1,NB51-01,SB,2017,1,rndu,937,,Secondary,17,5,9,17/5/2017
2017-5-17-51-1,bwte,4,NB,51,1,NB51-01,SB,2017,1,bwte,938,,Secondary,17,5,9,17/5/2017
2017-5-17-51-1,cogr,1,NB,51,1,NB51-01,SB,2017,1,cogr,939,,Secondary,17,5,9,17/5/2017
2017-5-17-51-11,ambi,1,NB,51,11,NB51-11,SB,2017,1,ambi,d0,y,cryptic,17,5,11,17/5/2017
2017-5-17-51-11,ambi,1,NB,51,11,NB51-11,SB,2017,1,ambi,d0,n,cryptic,17,5,11,17/5/2017
2017-5-17-51-11,mawr,1,NB,51,11,NB51-11,SB,2017,1,mawr,d0,n,cryptic,17,5,11,17/5/2017
2017-5-17-51-11,cang,8,NB,51,11,NB51-11,SB,2017,1,cang,981,,Secondary,17,5,11,17/5/2017
2017-5-17-51-11,rwbl,4,NB,51,11,NB51-11,SB,2017,1,rwbl,982,,Secondary,17,5,11,17/5/2017
2017-5-17-51-11,baea,1,NB,51,11,NB51-11,SB,2017,1,baea,983,,Secondary,17,5,11,17/5/2017
2017-5-17-51-11,swsp,2,NB,51,11,NB51-11,SB,2017,1,swsp,984,,Secondary,17,5,11,17/5/2017
2017-5-17-51-11,amcr,1,NB,51,11,NB51-11,SB,2017,1,amcr,985,,Secondary,17,5,11,17/5/2017
2017-5-17-51-11,cogr,5,NB,51,11,NB51-11,SB,2017,1,cogr,986,,Secondary,17,5,11,17/5/2017
2017-5-17-51-11,baor,1,NB,51,11,NB51-11,SB,2017,1,baor,987,,Secondary,17,5,11,17/5/2017
2017-5-17-51-2,ambi,1,NB,51,2,NB51-02,SB,2017,1,ambi,d50,y,cryptic,17,5,9,17/5/2017
2017-5-17-51-2,ambi,1,NB,51,2,NB51-02,SB,2017,1,ambi,d0,n,cryptic,17,5,9,17/5/2017
2017-5-17-51-2,pbgr,1,NB,51,2,NB51-02,SB,2017,1,pbgr,d100,n,cryptic,17,5,9,17/5/2017
2017-5-17-51-2,cang,3,NB,51,2,NB51-02,SB,2017,1,cang,940,,Secondary,17,5,9,17/5/2017
2017-5-17-51-2,rwbl,3,NB,51,2,NB51-02,SB,2017,1,rwbl,941,,Secondary,17,5,9,17/5/2017
2017-5-17-51-2,grye,2,NB,51,2,NB51-02,SB,2017,1,grye,942,,Secondary,17,5,9,17/5/2017
2017-5-17-51-2,chsp,1,NB,51,2,NB51-02,SB,2017,1,chsp,943,,Secondary,17,5,9,17/5/2017
2017-5-17-51-2,swsp,2,NB,51,2,NB51-02,SB,2017,1,swsp,944,,Secondary,17,5,9,17/5/2017
2017-5-17-51-2,yewa,1,NB,51,2,NB51-02,SB,2017,1,yewa,945,,Secondary,17,5,9,17/5/2017
2017-5-17-51-2,mall,2,NB,51,2,NB51-02,SB,2017,1,mall,946,,Secondary,17,5,9,17/5/2017
2017-5-17-51-2,amcr,2,NB,51,2,NB51-02,SB,2017,1,amcr,947,,Secondary,17,5,9,17/5/2017
2017-5-17-51-2,noha,1,NB,51,2,NB51-02,SB,2017,1,noha,948,,Secondary,17,5,9,17/5/2017
2017-5-17-51-2,rndu,1,NB,51,2,NB51-02,SB,2017,1,rndu,949,,Secondary,17,5,9,17/5/2017
2017-5-17-51-3,ambi,1,NB,51,3,NB51-03,SB,2017,1,ambi,d0,y,cryptic,17,5,9,17/5/2017
2017-5-17-51-3,ambi,1,NB,51,3,NB51-03,SB,2017,1,ambi,d100,y,cryptic,17,5,9,17/5/2017
2017-5-17-51-3,ambi,1,NB,51,3,NB51-03,SB,2017,1,ambi,d100,n,cryptic,17,5,9,17/5/2017
2017-5-17-51-3,ambi,1,NB,51,3,NB51-03,SB,2017,1,ambi,d100,n,cryptic,17,5,9,17/5/2017
2017-5-17-51-3,sora,1,NB,51,3,NB51-03,SB,2017,1,sora,d0,n,cryptic,17,5,9,17/5/2017
2017-5-17-51-3,nesp,1,NB,51,3,NB51-03,SB,2017,1,nesp,d0,n,cryptic,17,5,9,17/5/2017
2017-5-17-51-3,mawr,1,NB,51,3,NB51-03,SB,2017,1,mawr,d0,n,cryptic,17,5,9,17/5/2017
2017-5-17-51-3,nesp,1,NB,51,3,NB51-03,SB,2017,1,nesp,d0,n,cryptic,17,5,9,17/5/2017
2017-5-17-51-3,pbgr,1,NB,51,3,NB51-03,SB,2017,1,pbgr,d0,n,cryptic,17,5,9,17/5/2017
2017-5-17-51-3,rwbl,4,NB,51,3,NB51-03,SB,2017,1,rwbl,950,,Secondary,17,5,9,17/5/2017
2017-5-17-51-3,cang,4,NB,51,3,NB51-03,SB,2017,1,cang,951,,Secondary,17,5,9,17/5/2017
2017-5-17-51-3,yewa,1,NB,51,3,NB51-03,SB,2017,1,yewa,952,,Secondary,17,5,9,17/5/2017
2017-5-17-51-3,swsp,3,NB,51,3,NB51-03,SB,2017,1,swsp,953,,Secondary,17,5,9,17/5/2017
2017-5-17-51-3,rndu,1,NB,51,3,NB51-03,SB,2017,1,rndu,954,,Secondary,17,5,9,17/5/2017
2017-5-17-51-4,ambi,1,NB,51,4,NB51-04,SB,2017,1,ambi,d50,y,cryptic,17,5,10,17/5/2017
2017-5-17-51-4,ambi,1,NB,51,4,NB51-04,SB,2017,1,ambi,d0,y,cryptic,17,5,10,17/5/2017
2017-5-17-51-4,mawr,1,NB,51,4,NB51-04,SB,2017,1,mawr,d0,n,cryptic,17,5,10,17/5/2017
2017-5-17-51-4,ambi,1,NB,51,4,NB51-04,SB,2017,1,ambi,d0,n,cryptic,17,5,10,17/5/2017
2017-5-17-51-4,rwbl,4,NB,51,4,NB51-04,SB,2017,1,rwbl,955,,Secondary,17,5,10,17/5/2017
2017-5-17-51-4,cang,3,NB,51,4,NB51-04,SB,2017,1,cang,956,,Secondary,17,5,10,17/5/2017
2017-5-17-51-4,bwte,3,NB,51,4,NB51-04,SB,2017,1,bwte,957,,Secondary,17,5,10,17/5/2017
2017-5-17-51-4,rndu,1,NB,51,4,NB51-04,SB,2017,1,rndu,958,,Secondary,17,5,10,17/5/2017
2017-5-17-51-4,swsp,2,NB,51,4,NB51-04,SB,2017,1,swsp,959,,Secondary,17,5,10,17/5/2017
2017-5-17-51-4,savs,4,NB,51,4,NB51-04,SB,2017,1,savs,960,,Secondary,17,5,10,17/5/2017
2017-5-17-51-5,ambi,1,NB,51,5,NB51-05,SB,2017,1,ambi,d50,n,cryptic,17,5,14,17/5/2017
2017-5-17-51-5,mawr,1,NB,51,5,NB51-05,SB,2017,1,mawr,d0,n,cryptic,17,5,14,17/5/2017
2017-5-17-51-5,mawr,1,NB,51,5,NB51-05,SB,2017,1,mawr,d0,n,cryptic,17,5,14,17/5/2017
2017-5-17-51-5,nesp,1,NB,51,5,NB51-05,SB,2017,1,nesp,d0,n,cryptic,17,5,14,17/5/2017
2017-5-17-51-5,vira,1,NB,51,5,NB51-05,SB,2017,1,vira,d0,n,cryptic,17,5,14,17/5/2017
2017-5-17-51-5,rwbl,3,NB,51,5,NB51-05,SB,2017,1,rwbl,961,,Secondary,17,5,14,17/5/2017
2017-5-17-51-5,swsp,2,NB,51,5,NB51-05,SB,2017,1,swsp,962,,Secondary,17,5,14,17/5/2017
2017-5-17-51-5,rndu,5,NB,51,5,NB51-05,SB,2017,1,rndu,963,,Secondary,17,5,14,17/5/2017
2017-5-17-51-5,savs,2,NB,51,5,NB51-05,SB,2017,1,savs,964,,Secondary,17,5,14,17/5/2017
2017-5-17-51-5,cang,3,NB,51,5,NB51-05,SB,2017,1,cang,965,,Secondary,17,5,14,17/5/2017
2017-5-17-51-5,amcr,2,NB,51,5,NB51-05,SB,2017,1,amcr,966,,Secondary,17,5,14,17/5/2017
2017-5-17-51-5,bans,2,NB,51,5,NB51-05,SB,2017,1,bans,967,,Secondary,17,5,14,17/5/2017
2017-5-17-51-5,tres,3,NB,51,5,NB51-05,SB,2017,1,tres,968,,Secondary,17,5,14,17/5/2017
2017-5-17-51-5,cogr,2,NB,51,5,NB51-05,SB,2017,1,cogr,969,,Secondary,17,5,14,17/5/2017
2017-5-17-51-7,ambi,1,NB,51,7,NB51-07,SB,2017,1,ambi,d0,n,cryptic,17,5,18,17/5/2017
2017-5-17-51-7,bans,7,NB,51,7,NB51-07,SB,2017,1,bans,988,,Secondary,17,5,18,17/5/2017
2017-5-17-51-7,noha,1,NB,51,7,NB51-07,SB,2017,1,noha,989,,Secondary,17,5,18,17/5/2017
2017-5-17-51-7,amcr,4,NB,51,7,NB51-07,SB,2017,1,amcr,990,,Secondary,17,5,18,17/5/2017
2017-5-17-51-7,sosp,2,NB,51,7,NB51-07,SB,2017,1,sosp,991,,Secondary,17,5,18,17/5/2017
2017-5-17-51-7,savs,5,NB,51,7,NB51-07,SB,2017,1,savs,992,,Secondary,17,5,18,17/5/2017
2017-5-17-51-7,grye,1,NB,51,7,NB51-07,SB,2017,1,grye,993,,Secondary,17,5,18,17/5/2017
2017-5-17-51-8,ambi,1,NB,51,8,NB51-08,SB,2017,1,ambi,d0,n,cryptic,17,5,14,17/5/2017
2017-5-17-51-8,ambi,1,NB,51,8,NB51-08,SB,2017,1,ambi,d0,n,cryptic,17,5,14,17/5/2017
2017-5-17-51-8,wodu,1,NB,51,8,NB51-08,SB,2017,1,wodu,970,,Secondary,17,5,14,17/5/2017
2017-5-17-51-8,rndu,3,NB,51,8,NB51-08,SB,2017,1,rndu,971,,Secondary,17,5,14,17/5/2017
2017-5-17-51-8,cang,4,NB,51,8,NB51-08,SB,2017,1,cang,972,,Secondary,17,5,14,17/5/2017
2017-5-17-51-8,bans,25,NB,51,8,NB51-08,SB,2017,1,bans,973,,Secondary,17,5,14,17/5/2017
2017-5-17-51-8,rwbl,4,NB,51,8,NB51-08,SB,2017,1,rwbl,974,,Secondary,17,5,14,17/5/2017
2017-5-17-51-8,gbhe,1,NB,51,8,NB51-08,SB,2017,1,gbhe,975,,Secondary,17,5,14,17/5/2017
2017-5-17-51-8,abdu,2,NB,51,8,NB51-08,SB,2017,1,abdu,976,,Secondary,17,5,14,17/5/2017
2017-5-17-51-8,mall,2,NB,51,8,NB51-08,SB,2017,1,mall,977,,Secondary,17,5,14,17/5/2017
2017-5-17-51-8,pawa,2,NB,51,8,NB51-08,SB,2017,1,pawa,978,,Secondary,17,5,14,17/5/2017
2017-5-17-51-8,swsp,2,NB,51,8,NB51-08,SB,2017,1,swsp,979,,Secondary,17,5,14,17/5/2017
2017-5-17-51-8,amwi,1,NB,51,8,NB51-08,SB,2017,1,amwi,980,,Secondary,17,5,14,17/5/2017
2017-5-30-51-1,ambi,1,NB,51,1,NB51-01,KKM,2017,2,ambi,d100,n,cryptic,30,5,8,30/5/2017
2017-5-30-51-1,sora,1,NB,51,1,NB51-01,KKM,2017,2,sora,d0,n,cryptic,30,5,8,30/5/2017
2017-5-30-51-1,pbgr,1,NB,51,1,NB51-01,KKM,2017,2,pbgr,d100,n,cryptic,30,5,8,30/5/2017
2017-5-30-51-1,bwte,2,NB,51,1,NB51-01,KKM,2017,2,bwte,994,,Secondary,30,5,8,30/5/2017
2017-5-30-51-1,coye,1,NB,51,1,NB51-01,KKM,2017,2,coye,995,,Secondary,30,5,8,30/5/2017
2017-5-30-51-1,swsp,2,NB,51,1,NB51-01,KKM,2017,2,swsp,996,,Secondary,30,5,8,30/5/2017
2017-5-30-51-1,rwbl,1,NB,51,1,NB51-01,KKM,2017,2,rwbl,997,,Secondary,30,5,8,30/5/2017
2017-5-30-51-2,ambi,1,NB,51,2,NB51-02,KKM,2017,2,ambi,d100,y,cryptic,30,5,8,30/5/2017
2017-5-30-51-2,mawr,1,NB,51,2,NB51-02,KKM,2017,2,mawr,d100,n,cryptic,30,5,8,30/5/2017
2017-5-30-51-2,pbgr,1,NB,51,2,NB51-02,KKM,2017,2,pbgr,d100,n,cryptic,30,5,8,30/5/2017
2017-5-30-51-2,sora,1,NB,51,2,NB51-02,KKM,2017,2,sora,d100,n,cryptic,30,5,8,30/5/2017
2017-5-30-51-2,mawr,1,NB,51,2,NB51-02,KKM,2017,2,mawr,d100,n,cryptic,30,5,8,30/5/2017
2017-5-30-51-2,pbgr,1,NB,51,2,NB51-02,KKM,2017,2,pbgr,d50,n,cryptic,30,5,8,30/5/2017
2017-5-30-51-2,pbgr,1,NB,51,2,NB51-02,KKM,2017,2,pbgr,d50,n,cryptic,30,5,8,30/5/2017
2017-5-30-51-2,mawr,1,NB,51,2,NB51-02,KKM,2017,2,mawr,d100,n,cryptic,30,5,8,30/5/2017
2017-5-30-51-2,swsp,1,NB,51,2,NB51-02,KKM,2017,2,swsp,998,,Secondary,30,5,8,30/5/2017
2017-5-30-51-2,coye,2,NB,51,2,NB51-02,KKM,2017,2,coye,999,,Secondary,30,5,8,30/5/2017
2017-5-30-51-2,rwbl,3,NB,51,2,NB51-02,KKM,2017,2,rwbl,1000,,Secondary,30,5,8,30/5/2017
2017-5-30-51-2,cang,2,NB,51,2,NB51-02,KKM,2017,2,cang,1001,,Secondary,30,5,8,30/5/2017
2017-5-30-51-2,amwi,1,NB,51,2,NB51-02,KKM,2017,2,amwi,1002,,Secondary,30,5,8,30/5/2017
2017-5-30-51-3,mawr,1,NB,51,3,NB51-03,CP,2017,2,mawr,d0,n,cryptic,30,5,8,30/5/2017
2017-5-30-51-3,mawr,1,NB,51,3,NB51-03,CP,2017,2,mawr,d50,n,cryptic,30,5,8,30/5/2017
2017-5-30-51-3,ambi,1,NB,51,3,NB51-03,CP,2017,2,ambi,d100,n,cryptic,30,5,8,30/5/2017
2017-5-30-51-3,mawr,1,NB,51,3,NB51-03,CP,2017,2,mawr,d100,n,cryptic,30,5,8,30/5/2017
2017-5-30-51-3,mawr,1,NB,51,3,NB51-03,CP,2017,2,mawr,d50,n,cryptic,30,5,8,30/5/2017
2017-5-30-51-3,sora,1,NB,51,3,NB51-03,CP,2017,2,sora,d50,n,cryptic,30,5,8,30/5/2017
2017-5-30-51-3,yewa,2,NB,51,3,NB51-03,CP,2017,2,yewa,930,,Secondary,30,5,8,30/5/2017
2017-5-30-51-3,sosp,1,NB,51,3,NB51-03,CP,2017,2,sosp,931,,Secondary,30,5,8,30/5/2017
2017-5-30-51-3,coye,1,NB,51,3,NB51-03,CP,2017,2,coye,932,,Secondary,30,5,8,30/5/2017
2017-5-30-51-3,rwbl,1,NB,51,3,NB51-03,CP,2017,2,rwbl,933,,Secondary,30,5,8,30/5/2017
